batch_job_id,ligand_id,query_smiles,status,rmsd,time_elapsed,vina_score,pharmaco_score,shape_score
2b1p_AIZ_A_501,7ksj,O=C(Nc1cnn(-c2csc(C(=O)NC3COC3)c2)c1)Nc1c(F)cccc1Cl,COMPLETED,1.716397576119923,28.154309272766113,-9.232791414999737,0.23629797556342966,0.45980828473800844
2b1p_AIZ_A_501,4whz,O=C(Nc1cnn(-c2cccc(C(=O)Nc3cnn([C@H]4CC[NH2+]C4)c3)c2)c1)Nc1ccccc1Cl,COMPLETED,3.730834774302241,33.539207458496094,-10.42525996986608,0.253266684473222,0.41976202113093747
2b1p_AIZ_A_501,4w4v,Cc1cc(NC(=O)c2cccc(-n3cc(NC(=O)Nc4ccccc4Cl)cn3)c2)ccn1,COMPLETED,0.27117808263205906,28.300500631332397,-10.923782704199649,0.29435501067534037,0.4857917325129538
2b1p_AIZ_A_501,7ksi,Cc1sc(C(=O)NC2COC2)cc1-n1cc(NC(=O)Nc2c(F)cccc2Cl)cn1,COMPLETED,1.6307117856935969,30.198814392089844,-9.690449375256664,0.2445445755474752,0.4698171286338273
1uy6_PU3_A_1224,7d22,CC(C)(C)c1cc(Cn2cnc3c(Cl)nc(N)nc32)on1,COMPLETED,2.87768730075948,27.125252962112427,-7.355929736552755,0.031816621674333107,0.24967421923052738
1uy6_PU3_A_1224,7d24,CC(C)(C)C1=NO[C@@H](Cn2cnc3c(Cl)nc(N)nc32)C1,COMPLETED,3.346963491129292,25.4324734210968,-7.2524986920042265,0.18968685937098223,0.36525200097105015
1uy6_PU3_A_1224,2fwy,CC(C)[NH2+]CCCn1c(Sc2cc3c(cc2Br)OCO3)nc2c(N)ncnc21,COMPLETED,1.7389211331003072,28.953922271728516,-8.234159824186387,0.3997397572260292,0.524712820069295
1uy6_PU3_A_1224,6lr9,CN(C)c1cc2c(cc1Sc1nc3c(N)nccc3n1CC[NH2+]CC(C)(C)C)OCO2,COMPLETED,2.333293643218502,32.306750774383545,-8.367247977316335,0.29133458046567823,0.5275551877352037
1uy6_PU3_A_1224,1uyd,CCCCn1c(Cc2cc(OC)c(OC)c(OC)c2Cl)nc2c(N)ncnc21,COMPLETED,2.7628666041166117,29.82493281364441,-7.647296017178123,0.7989120236803586,0.8181317291937157
1uy6_PU3_A_1224,1uyc,CCCCn1c(Cc2cc(OC)ccc2OC)nc2c(N)ncnc21,COMPLETED,2.824407057560932,29.932944536209106,-7.357172373629029,0.7019738534106611,0.7236957965693552
1uy6_PU3_A_1224,6olx,C/C=C/Cn1c(Cc2cc(OC)c(OC)c(OC)c2)nc2c(N)ncnc21,COMPLETED,0.4665755430875128,44.66540813446045,-7.984168607369396,0.8981328339979221,0.9084533065232252
1uy6_PU3_A_1224,4u93,COc1cccc(-c2cc(F)ccc2[C@H]2Cc3nc(N)nc(C)c3C(=O)N2)n1,COMPLETED,2.48155578972144,31.89919662475586,-9.842992669213633,0.06374828376795265,0.4119252316155183
1uy6_PU3_A_1224,3hz5,Cc1n[nH]c(-c2ccco2)c1CCCCN(C)c1ncnc2nc[nH]c12,COMPLETED,3.1649278114868715,29.9217631816864,-8.864567168904955,0.09452393387392637,0.3863307319864791
1uy6_PU3_A_1224,4xir,CCC[C@H]1Cc2c(C)c3c(n2-c2cc(Cl)c(C(N)=O)cc2O1)CC(C)(C)CC3=O,COMPLETED,6.017338859094809,31.76232123374939,-8.341326596386525,0.06888593087643675,0.21893996355213183
1uy6_PU3_A_1224,7d26,Nc1nc(Cl)c2ncn(Cc3cnc(-c4ccccc4)o3)c2n1,COMPLETED,6.648259732081576,25.44636297225952,-6.4186694675356994,0.1483821417252564,0.24266910048061446
1uy6_PU3_A_1224,3ft8,Cc1nc(N)nc2c1/C(=N/O)C[C@@H](c1ccc(F)cc1-c1cccnc1)C2,COMPLETED,6.853319196942834,31.147249937057495,-9.26689033174811,0.08889571269842851,0.2976109669451691
1uy6_PU3_A_1224,2fwz,CC(C)[NH2+]CCCn1c(Sc2cc3c(cc2I)OCO3)nc2c(N)ncnc21,COMPLETED,2.1190065874973447,28.676738500595093,-8.158849483642067,0.3805200194565079,0.5139608654130612
1uy6_PU3_A_1224,1uyi,C#CCCCn1c(Cc2cc(OC)ccc2OC)nc2c(N)nc(F)nc21,COMPLETED,2.8850662646603937,28.93326473236084,-7.6956831828831245,0.5874617715024704,0.6586203513054572
1uy6_PU3_A_1224,1uy7,CCCCn1c(Cc2ccc(OC)cc2)nc2c(N)ncnc21,COMPLETED,0.8548447547845216,24.748172283172607,-7.480816746735348,0.8006484238255258,0.7371160479697112
1uy6_PU3_A_1224,1uy9,CCCCn1c(Cc2ccc3c(c2)OCO3)nc2c(N)ncnc21,COMPLETED,0.8762213749485155,26.627706289291382,-7.903482496479339,0.8089580003837764,0.7166525601292005
1uy6_PU3_A_1224,1uyh,CCCCn1c(Cc2cc(OC)ccc2OC)nc2c(N)nc(F)nc21,COMPLETED,2.7710237884496487,43.03183197975159,-7.841212683826213,0.6320490758487046,0.7051961130780775
1uy6_PU3_A_1224,1uyf,C#CCCCn1c(Cc2cc(OC)c(OC)c(OC)c2Cl)nc2c(N)nc(F)nc21,COMPLETED,2.7700425599016825,31.376709938049316,-7.934027873637674,0.6834365010749619,0.7546052674836954
1uy6_PU3_A_1224,1uy8,CCCCn1c(Cc2cccc(OC)c2)nc2c(N)ncnc21,COMPLETED,2.2422259979955093,24.88909673690796,-7.569879004384275,0.7541410264890731,0.7421852690847722
1uy6_PU3_A_1224,5lr1,Cc1cnc(Cn2ccc3c(Cl)nc(N)nc32)c(C)c1Cl,COMPLETED,3.190480228743002,41.004971742630005,-8.197153170115692,0.051421872865752,0.3261085944824177
1uy6_PU3_A_1224,2h55,CC(C)[NH2+]CCCn1c(Cc2cc3c(cc2I)OCO3)nc2c(N)nc(F)nc21,COMPLETED,2.2345118285039662,30.148473024368286,-8.84586597334089,0.3900703417780014,0.5272466656899276
1uy6_PU3_A_1224,4xiq,Cc1c2c(n3c1CCOc1cc(C(N)=O)ccc1-3)CC(C)(C)CC2=O,COMPLETED,7.0899707478945215,31.80457043647766,-8.67214011904469,0.06560187903135771,0.27091618009211565
3biz_61E_A_576,3bi6,Cn1c2cc(C(=O)NCC[NH+]3CCCC3)c(O)cc2c2c3c(c(-c4ccccc4Cl)cc21)C(=O)NC3=O,COMPLETED,1.437872156855212,29.50337266921997,-12.727349733232577,0.6744376253458868,0.8127471583629301
3biz_61E_A_576,2io6,COc1ccccc1-c1cc2c(c3c1C(=O)NC3=O)c1cc(O)ccc1n2CCCO,COMPLETED,0.6300628578473026,40.383636474609375,-11.363401087839181,0.5876005305175992,0.6133478611483957
3biz_61E_A_576,3cqe,Cn1c(C(=O)NCCO)c(Br)c2c3c(c(-c4ccccc4Cl)cc21)C(=O)NC3=O,COMPLETED,1.1654852973229057,28.950501680374146,-10.60893665043966,0.5129479118413223,0.5468428959342561
3biz_61E_A_576,2z2w,O=CNc1ccc2[nH]c3cc(-c4ccccc4Cl)c4c(c3c2c1)C(=O)NC4=O,COMPLETED,0.279129507192834,27.816831588745117,-13.089753137127666,0.6688406828161189,0.642941505266379
3biz_61E_A_576,2in6,O=C([O-])CCn1c2ccc(O)cc2c2c3c(c(-c4ccccc4)cc21)C(=O)NC3=O,COMPLETED,0.5852745159324808,33.79919195175171,-11.402854354336638,0.6224146576908189,0.5757949986627764
3biz_61E_A_576,3cr0,Cn1cc(CCO)c2c3c(c(-c4ccccc4Cl)cc21)C(=O)NC3=O,COMPLETED,0.650011449129936,26.742531061172485,-11.213235619776507,0.6527518937008552,0.639275416959986
3biz_61E_A_576,1x8b,O=C1NC(=O)c2c1c(-c1ccccc1)cc1[nH]c3ccc(O)cc3c21,COMPLETED,0.24574066492951402,26.040428161621094,-12.48630782368235,0.6437863919216522,0.5930648085664882
2aa2_AS4_A_201,1zuc,Cn1c(C#N)ccc1-c1ccc2c(c1)C(C)(C)OC(=S)N2,COMPLETED,2.242746943986749,28.297160148620605,-6.061059830560635,0.12045156937492275,0.3522319117110681
2aa2_AS4_A_201,5mwy,COC(=O)[C@@H]1CC2=CC(=O)CC[C@]2(C)[C@@]23O[C@@H]2C[C@@]2(C)[C@@H](CC[C@@]24CCC(=O)O4)[C@H]13,COMPLETED,0.9394978210015537,35.997668743133545,-9.796136586769673,0.19268883419839425,0.5043537458045703
2aa2_AS4_A_201,6w9k,C[C@]12C=CC(=O)C=C1CC[C@@H]1[C@@H]2[C@@H](O)C[C@@]2(C)[C@H]1CC[C@]2(O)C(=O)CO,COMPLETED,0.6011387309483183,31.76507878303528,-11.35288488952334,0.508890890758075,0.7886694228190172
2aa2_AS4_A_201,6w9l,CC1=N[C@]2(C(=O)CO)[C@@H](C[C@H]3[C@@H]4CCC5=CC(=O)C=C[C@]5(C)[C@H]4[C@@H](O)C[C@@]32C)O1,COMPLETED,1.5311773456373714,41.640785932540894,-7.4761283190008365,0.22503807442949725,0.5143790702863322
2aa2_AS4_A_201,6w9m,C[C@@H]1C[C@@H]2[C@@H]3CCC4=CC(=O)C=C[C@]4(C)C3=CC[C@]2(C)[C@@]1(O)C(=O)CO,COMPLETED,0.591630329292253,35.3585159778595,-11.62383406749824,0.3924095207712679,0.7320017842419712
2aa2_AS4_A_201,2oax,CC(=O)S[C@@H]1CC2=CC(=O)CC[C@]2(C)[C@H]2CC[C@@]3(C)[C@@H](CC[C@@]34CCC(=O)O4)[C@H]12,COMPLETED,1.441121130973358,39.48685836791992,-7.765230773018088,0.16437554459600107,0.4278802647974813
2aa2_AS4_A_201,2q1v,C[C@]12C=CC(=O)C=C1CC[C@@H]1[C@@H]2C(=O)C[C@@]2(C)[C@H]1CC[C@]2(O)/C([O-])=C/O,COMPLETED,0.3824273857670437,32.81863737106323,-11.825549685777458,0.5018254276533123,0.7818636227533707
2aa2_AS4_A_201,1gs4,C[C@]12CCC(=O)C=C1CC[C@H]1[C@@H]3CC[C@](O)(C(=O)CO)[C@@]3(C)C[C@H](O)[C@@]12F,COMPLETED,1.2694562857702048,32.765310287475586,-11.867766455760556,0.37269111015679224,0.7344827406210753
2aa2_AS4_A_201,5hcv,O=C1COc2ccc(/C=C3\c4ccccc4COc4cc(F)ccc43)cc2N1,COMPLETED,2.335074279791301,36.31314253807068,-5.198269172543509,0.09167101549334011,0.31384807591817737
2aa2_AS4_A_201,2a3i,C[C@]12C[C@H](O)[C@H]3[C@@H](CCC4=CC(=O)CC[C@@]43C)[C@@H]1CC[C@@H]2C(=O)CO,COMPLETED,0.32002956050965153,30.209161043167114,-12.177797865738501,0.6596288646889986,0.8282194490825943
2aa2_AS4_A_201,2amb,CC[C@]1(O)CC[C@H]2[C@@H]3CCC4=CC(=O)CCC4=C3C=C[C@@]21CC,COMPLETED,1.2784980967831994,28.87377953529358,-10.687517075772563,0.2868905353430689,0.5773034509346406
2aa2_AS4_A_201,4ql8,CO[C@@H]1C(c2ccc(C#N)c(Cl)c2C)=NN2CC[C@H](O)[C@@H]12,COMPLETED,2.3726463749316267,27.94884705543518,-8.43976014487187,0.13037047460296378,0.3172373793250857
2aa2_AS4_A_201,1xq3,C[C@]1(O)CC[C@H]2[C@@H]3CCC4=CC(=O)CCC4=C3C=C[C@@]21C,COMPLETED,1.1562620859600004,27.741268634796143,-11.241719837253182,0.2875097568615407,0.5520752745432981
3qkl_SMR_A_1,3qkk,CCOCCN(C[C@@H](O)C[N@H+]1CCC[C@@]2(CC(=O)c3cc(O)ccc3O2)C1)S(=O)(=O)c1c(C)cccc1C,COMPLETED,0.7311905067116664,41.76267051696777,-9.466204065142573,0.5666299065148956,0.7078312675802213
3qkl_SMR_A_1,3qkm,CCOCCN(C[C@@H](O)C[N@H+]1CCC[C@@]2(CCN(c3ncnc4ccccc34)C2)C1)S(=O)(=O)c1c(C)cccc1C,COMPLETED,0.8494088205276916,45.394591093063354,-9.779318996802637,0.39761003953028706,0.6139903442481737
3eml_ZMA_A_401,5iu8,C[NH+]1CCN(CCNc2nc(N)n3nc(-c4ccco4)nc3n2)CC1,COMPLETED,0.6852678501140999,24.93427324295044,-8.00733346490861,0.4133286160234656,0.7953881610612145
3eml_ZMA_A_401,5iua,Nc1nc(NCCC[NH+]2CCN(c3ccccc3)CC2)nc2nc(-c3ccco3)nn12,COMPLETED,2.8701063238706994,25.97677206993103,-8.678065053942143,0.26265953608730447,0.4691966545592678
3eml_ZMA_A_401,5iu7,Nc1nc(NCC[N@H+]2CC[C@H](c3ccccc3)CC2)nc2nc(-c3ccco3)nn12,COMPLETED,1.3287229885620755,27.717840433120728,-8.821697447422762,0.3613515729176407,0.5884874279290246
3eml_ZMA_A_401,5iub,Nc1nc(NCCN2CCN(c3ccc(F)cc3F)CC2)nc2nc(-c3ccco3)nn12,COMPLETED,1.1232808847022642,28.10636281967163,-8.159171671063602,0.3330330209398288,0.5898377939418663
3sff_0DI_A_378,7zzw,O=C([C@H]1C[C@@H](c2cccc(Cl)c2)CN1)N1CCN(c2nccc3ccsc23)CC1,COMPLETED,1.3287130558655567,29.161237716674805,-10.79829826624277,0.23067087375929002,0.47694066767951554
3sff_0DI_A_378,7zzu,N#Cc1cccnc1N1CCN(C(=O)[C@H]2C[C@@H](c3ccccc3)CN2)CC1,COMPLETED,2.212921170459234,25.649372339248657,-9.143262452959661,0.10320867169134411,0.4825597657650411
3sff_0DI_A_378,3sfh,[NH3+][C@H](Cc1ccc(Cl)cc1Cl)C(=O)N1Cc2ccccc2C1,COMPLETED,1.082112989395369,24.671806573867798,-7.807420790510885,0.17830939635675228,0.47729190306977604
3d4q_SM5_A_1,7shv,OCCn1cc(-c2ccc3c(c2)CC/C3=N\O)c(-c2ccncc2)n1,COMPLETED,1.0993235369080376,28.146539449691772,-10.57391932267871,0.6270998939332139,0.724857911166368
3d4q_SM5_A_1,3ppk,O=C(Nc1ccncn1)c1oc2cnccc2c1Nc1ccc2c(O)cccc2c1,COMPLETED,5.713146692468753,30.423073053359985,-9.000226036668069,0.12467605210169817,0.4204585998611118
3d4q_SM5_A_1,3psb,CCOC(=O)c1sc2cnccc2c1Nc1ccc2c(c1)=CCC=2NO,COMPLETED,0.5363165095925523,30.66352891921997,-9.220286443308519,0.23130941292020818,0.576849125287311
3d4q_SM5_A_1,3ppj,COC(=O)c1oc2cnccc2c1N[C@@H]1C=CC2=C(NO)C=CC2=C1,COMPLETED,0.9564167813249622,28.98661708831787,-9.514200648598303,0.18768222484886898,0.4799802891594192
2ica_2IC_A_1,3m6f,CN1C(=O)N(c2cc(Cl)cc(Cl)c2)C(=O)[C@]12CN(c1ccc(C(=O)[O-])cn1)C[C@H]2c1ccc(C#N)cc1,COMPLETED,0.8356139670277729,39.76902222633362,-10.31605245778734,0.5219831755994214,0.7347363800885697
3lbk_K23_A_1,4oq3,Cc1cccc(-c2nc(C(=O)[O-])c(-c3cccc(Cl)c3)n2-c2cc(Cl)ccc2C)c1,COMPLETED,4.475291290258843,27.131260871887207,-4.321472233331035,0.03740243766172311,0.19360403690493092
3lbk_K23_A_1,5lav,CC(C)(C)CN1C[C@@H]([NH3+])[C@H](c2cccc(Cl)c2)[C@]12C(=O)Nc1cc(Cl)ccc12,COMPLETED,1.073445630900792,29.171250343322754,-8.294021387192242,0.2692167090199792,0.5417056410653408
3lbk_K23_A_1,1t4e,O=C([O-])[C@H](c1ccc(Cl)cc1)N1C(=O)c2cc(I)ccc2NC(=O)[C@@H]1c1ccc(Cl)cc1,COMPLETED,4.212877972545906,31.726131916046143,-6.816771224929622,0.20975506381734774,0.3800881944096276
3bqd_DAY_A_301,6w9l,CC1=N[C@]2(C(=O)CO)[C@@H](C[C@H]3[C@@H]4CCC5=CC(=O)C=C[C@]5(C)[C@H]4[C@@H](O)C[C@@]32C)O1,COMPLETED,0.5230890462864118,40.626641273498535,-10.056020160959074,0.26395299341602313,0.4527823217784015
3bqd_DAY_A_301,6w9m,C[C@@H]1C[C@@H]2[C@@H]3CCC4=CC(=O)C=C[C@]4(C)C3=CC[C@]2(C)[C@@]1(O)C(=O)CO,COMPLETED,0.7187189525066864,36.36001443862915,-10.893744844229918,0.30350426663439484,0.5343795058905251
3bqd_DAY_A_301,5nfp,CCC[C@@H]1O[C@@H]2C[C@H]3[C@@H]4CCC5=CC(=O)C=C[C@]5(C)[C@H]4[C@@H](O)C[C@]3(C)[C@]2(C(=O)CO)O1,COMPLETED,0.6446944129810902,42.98226809501648,-8.77987121521845,0.24652261814538443,0.404952757792945
3bqd_DAY_A_301,7prv,C[C@@H]1C[C@H]2[C@@H]3C[C@H](F)C4=CC(=O)C=C[C@]4(C)[C@@]3(F)[C@@H](O)C[C@]2(C)[C@@]1(OC(=O)c1ccco1)C(=O)SCF,COMPLETED,2.8496364814158697,53.76302981376648,-4.780617162818995,0.03381220198057378,0.3346141784631449
3kba_WOW_A_1,1zuc,Cn1c(C#N)ccc1-c1ccc2c(c1)C(C)(C)OC(=S)N2,COMPLETED,0.8968368509059256,29.434310913085938,-9.311804994174377,0.041178485740169676,0.42288627188340927
3kba_WOW_A_1,3hq5,C[N@H+]1CC[C@H](N(Cc2ccccc2C(F)(F)F)c2ccc(C#N)c(Cl)c2)C1,COMPLETED,0.6445957449785442,32.52692437171936,-10.778916636572921,0.5722766880604538,0.7029123357104503
3kba_WOW_A_1,3g8o,C[C@@H](C(=O)N(C)C)N(CC(F)(F)F)c1ccc(C#N)c(C(F)(F)F)c1,COMPLETED,1.8415854859332486,30.82335662841797,-8.510608607525148,0.287134704572496,0.4111709350319671
2i0e_PDS_A_901,8u37,CO[C@H]1CN(c2ccncc2NC(=O)c2nc(-c3ncccc3OC(F)(F)F)cnc2N)CC[C@@H]1[NH3+],COMPLETED,3.250182476928538,41.13056683540344,-8.736683767508353,0.04410260135354877,0.32594039170664935
2i0e_PDS_A_901,2jed,C[N+]1=C/C(=C2\C(=O)NC(=O)\C2=C2\C3=[N+](CC[C@@H](C[NH+](C)C)C3)c3ccccc32)c2ccccc21,FAILED,,14.543130159378052,,,
2i0e_PDS_A_901,8uak,CC1([NH3+])CCN(c2cccnc2NC(=O)c2nc(-c3ncccc3C(F)(F)F)cnc2N)CC1,COMPLETED,2.6846144240621137,42.07089638710022,-7.5310759084497185,0.025011700054103313,0.31273258446861535
1xoi_288_A_862,2zb2,O=C(Nc1ccc([C@@H](O)CO)cc1)c1cc2cc(Cl)ccc2[nH]1,COMPLETED,1.2122152138884466,27.101842641830444,-8.11595092665007,0.2994153731053468,0.56303572470729
1xoi_288_A_862,2ieg,NC(=O)CN1C(=O)[C@@H](NC(=O)C2=CC3=C[C@@H](Cl)SC3=N2)Cc2ccccc21,COMPLETED,9.342843089211636,32.508686542510986,-2.13559154872808,0.07207028540174726,0.3289114517959171
3skc_BR2_A_801,5fd2,CN(C)S(=O)(=O)Nc1ccc(F)c(Nc2ncccc2-c2ncnc3nc[nH]c23)c1F,COMPLETED,3.172189747151876,36.95780873298645,-10.529920558144662,0.10332117051135976,0.321549347927804
3skc_BR2_A_801,4xv1,CCN(C)S(=O)(=O)Nc1ccc(F)c(C(=O)c2c[nH]c3ncc(-c4cnc(C5CC5)nc4)cc23)c1F,COMPLETED,1.8212678104063174,57.619686126708984,-9.636543222199744,0.17770975815421,0.40232976950386706
3skc_BR2_A_801,4pp7,CCCS(=O)(=O)Nc1ccc(F)c(N(C)c2ccc3ncn(C)c(=O)c3c2)c1F,COMPLETED,0.49647427269524835,33.43030023574829,-9.37189817329326,0.39788330590501564,0.5822681456680776
3skc_BR2_A_801,4ehg,CCCS(=O)(=O)Nc1ccc(F)c(NC(=O)Nc2cc(NCCO)ncn2)c1F,COMPLETED,1.3739329383072223,32.46937608718872,-8.508934131291536,0.34778506929340763,0.5292381890712358
3skc_BR2_A_801,5ita,CCCS(=O)(=O)[N-]c1cccc(Nc2ccc3ncn(C)c(=O)c3c2)c1C#N,COMPLETED,0.8382685880517567,30.080641984939575,-8.437653667668956,0.20445097474892482,0.5584539968296532
3skc_BR2_A_801,4e4x,CCCS(=O)(=O)Nc1ccc(F)c(-c2cc3cnc(NCCCO)nc3n(C)c2=O)c1F,COMPLETED,0.9708927031024077,37.46143436431885,-9.58166591482081,0.34562503271145023,0.48939449816722064
3skc_BR2_A_801,3tv4,CCCS(=O)(=O)Nc1ccc(F)c(C(=O)Nc2cnc(N)c(Br)c2)c1F,COMPLETED,0.6710937562035465,30.427602529525757,-9.48293248058303,0.6210424152669056,0.6461367444811658
3kl6_443_A_1,2vwo,O=C(CN1C[C@H](NC(=O)c2ccc(Cl)s2)[C@@H](F)C1)Nc1ccc(-n2ccccc2=O)cc1F,COMPLETED,2.3412229533456927,31.99491286277771,-8.944088417857783,0.11674470573966486,0.4647800302850911
3kl6_443_A_1,4y79,C[C@@H](C(=O)N1CCOCC1)N1CC[C@H](NS(=O)(=O)/C=C/c2ccc(Cl)cc2)C1=O,COMPLETED,1.151115343991389,27.079158782958984,-8.855315024280506,0.29597775532025783,0.5992015274475746
3kl6_443_A_1,1iqh,O=C1CN(S(=O)(=O)c2ccc3cc(Cl)ccc3c2)CCN1CC1(CO)CCN(c2ccncc2)CC1,COMPLETED,1.6896323825186221,32.095383167266846,-10.659087638295285,0.39645313998363196,0.5844632172590353
3kl6_443_A_1,4zh8,CCC(=O)CN([C@H]1C=CN([C@@H](C)C(=O)N2CCOCC2)C1=O)S(=O)(=O)c1ccc2cc(Cl)ccc2c1,COMPLETED,1.6434786236482937,35.39263916015625,-8.012413462623421,0.30553891341412276,0.5277454948307885
3kl6_443_A_1,4y76,C[C@@H](C(=O)N1CCC[N@@H+](C)CC1)N1CC[C@H](N(CC(N)=O)S(=O)(=O)c2ccc3cc(Cl)ccc3c2)C1=O,COMPLETED,2.100821633989387,36.75073432922363,-9.483568382281607,0.4143082036281987,0.5558002587228711
3kl6_443_A_1,4y71,C[C@@H](C(=O)N1CCC(=O)N(C)CC1)N1CC[C@H](NS(=O)(=O)c2ccc3cc(Cl)ccc3c2)C1=O,COMPLETED,2.0574271077074426,30.753756046295166,-11.11976841578858,0.4965215639350932,0.6987426660370406
3kl6_443_A_1,2vwn,O=C(CN1C[C@H](NC(=O)c2ccc(Cl)s2)[C@@H](O)C1)Nc1ccc(-n2ccccc2=O)cc1F,COMPLETED,2.016126729572566,31.23594903945923,-8.563906298034988,0.11983010900037129,0.44610186512361044
3kl6_443_A_1,1iqn,O=C([C@H]1CN(S(=O)(=O)c2ccc3cc(Cl)ccc3c2)CC(=O)N1CC1CCN(c2ccncc2)CC1)N1CCOCC1,COMPLETED,3.5065499559158333,42.03720211982727,-9.260230831271619,0.362914144674052,0.43747770364835825
3kl6_443_A_1,4y7a,C[C@@H](C(=O)N1CCC[C@H]([NH3+])C1)N1CC[C@H](NS(=O)(=O)c2ccc3cc(Cl)ccc3c2)C1=O,COMPLETED,1.852871335252397,30.490936517715454,-9.787202311316722,0.5045337466207372,0.595971607537555
3kl6_443_A_1,1iqi,O=C([O-])[C@@H]1CN(S(=O)(=O)c2ccc3cc(Cl)ccc3c2)CCN1CC1CCN(c2ccncc2)CC1,COMPLETED,2.454001006632955,35.0034339427948,-10.828306020611073,0.4186058005362955,0.5568437108592837
3kl6_443_A_1,1iqg,O=C1CN(S(=O)(=O)c2ccc3cc(Cl)ccc3c2)CCN1CC1(/C=N/O)CCN(c2ccncc2)CC1,COMPLETED,1.496930329040066,35.28718972206116,-10.564022364918657,0.4008130289161341,0.5855371471562267
3kl6_443_A_1,1ioe,COC[C@@]12CN(S(=O)(=O)c3ccc4cc(Cl)ccc4c3)CC(=O)N1CC1(CCN(c3ccncc3)CC1)O2,COMPLETED,1.1004502528271636,37.472771644592285,-10.443969033961189,0.44523844043868493,0.5561274042020897
3kl6_443_A_1,2d1j,O=C(c1cc2c(ccc[n+]2[O-])s1)N1CCN(S(=O)(=O)c2cc3cc(Cl)ccc3[nH]2)CC1,COMPLETED,6.351054937770626,33.315038442611694,-9.744821838287065,0.1954218287070015,0.33078466275136076
3kl6_443_A_1,2j4i,CC(C)N(CCNS(C)(=O)=O)C(=O)[C@H](C)N1CC[C@H](NS(=O)(=O)c2ccc3cc(Cl)ccc3c2)C1=O,COMPLETED,3.158095599012164,35.52180314064026,-8.046594164001709,0.4352407380588606,0.5793423320221649
3kl6_443_A_1,2uwo,C/C(=C\S(=O)(=O)N[C@H]1CCN([C@@H](C)C(=O)N2CCOCC2)C1=O)c1ccc(Cl)s1,COMPLETED,1.4321908942547452,45.90982937812805,-7.5946262918705525,0.2844234251441528,0.5612740683863451
3kl6_443_A_1,2y80,C[NH+](C)[C@@H]1CCc2cc(N3CC[C@H](NS(=O)(=O)c4ccc5cc(Cl)ccc5c4)C3=O)ccc21,COMPLETED,2.2418494088181267,31.390334129333496,-9.20696217194573,0.30237058650664933,0.4582338464294237
3kl6_443_A_1,2j38,C[C@@H](C(=O)N1CCOCC1)N1CC[C@H](NS(=O)(=O)c2cc3cc(Cl)ccc3s2)C1=O,COMPLETED,1.1557446211569982,29.742026329040527,-9.939324525089217,0.41248520536545497,0.5986588169378957
3kl6_443_A_1,1j17,O=C(C1CCN(c2ccncc2)CC1)N1CCN(S(=O)(=O)c2ccc3cc(Cl)ccc3c2)CC1,COMPLETED,1.3692103268372056,38.6356463432312,-11.235186727487104,0.4079948839893,0.6085748970687634
3kl6_443_A_1,1nfw,O=C1CN(S(=O)(=O)/C=C/c2ccc(Cl)s2)CCN1Cc1cc2cnccc2[nH]1,COMPLETED,2.2936063702014278,45.7648229598999,-9.786783464813615,0.22375209356439055,0.45349777272628383
3kl6_443_A_1,2vvv,O=C(Cn1cnc(NC(=O)c2ccc(Cl)s2)n1)Nc1ccc(-n2ccccc2=O)cc1F,COMPLETED,2.2098595492700435,33.049335956573486,-8.914275972449909,0.0726946404715386,0.4050309801919104
3kl6_443_A_1,2vvc,CO[C@H]1CN(CC(=O)Nc2ccc(-n3ccccc3=O)cc2F)C[C@@H]1NC(=O)c1ccc(Cl)s1,COMPLETED,1.8941800113226086,49.93409252166748,-8.856715887491546,0.1510449625893826,0.4795682846748702
3kl6_443_A_1,3sw2,O=C(CN1CCC[C@H](NS(=O)(=O)c2ccc3cc(Cl)ccc3c2)C1=O)N1C[C@@H]2C[C@H](C1)c1cccc(=O)n1C2,COMPLETED,2.396201195482293,35.59423232078552,-11.783674243023317,0.3977372440640741,0.49644717358481527
3kl6_443_A_1,2p95,O=C(N[C@H]1CCC[C@H]1NC(=O)c1ccc(Cl)s1)c1ccc(-n2ccccc2=O)cc1,COMPLETED,2.237151517294556,29.422432899475098,-9.410456767941763,0.16006491111705543,0.492361186219985
3kl6_443_A_1,2p93,O=C(NCCNC(=O)c1ccc(Cl)s1)c1ccc(-n2ccccc2=O)cc1,COMPLETED,1.1497396793928485,28.788275718688965,-8.495403063620524,0.16627446453955821,0.578973323285256
3kl6_443_A_1,2p94,O=C(N[C@H]1CCCC[C@H]1NC(=O)c1ccc2c(Cl)c[nH]c2c1)c1ccc(-n2ccccc2=O)cc1,COMPLETED,1.615831618260835,37.57966113090515,-11.760713941033762,0.20189084229874987,0.5534999878560751
3kl6_443_A_1,1iql,O=C1CN(S(=O)(=O)/C=C/c2ccc(Cl)cc2)CCN1CC1CCN(c2ccncc2)CC1,COMPLETED,0.6974928254559326,34.27402114868164,-9.686555861378576,0.3316222854713503,0.6248400732051532
3kl6_443_A_1,2pr3,CO[C@@H]1C[C@H](C(=O)Nc2ccc(-c3ccccc3S(C)(=O)=O)cc2F)N(C(=O)Nc2ccc(Cl)cc2)C1,COMPLETED,1.7005373990022699,37.115270376205444,-11.563152707551906,0.1442886406377754,0.47658015921931884
3kl6_443_A_1,1iqk,O=C1CN(S(=O)(=O)c2ccc3cc(Cl)ccc3c2)CCN1CC1CCN(c2ccncc2)CC1,COMPLETED,0.9714616366437678,31.01388931274414,-10.811191514073718,0.4331204740260651,0.6083922414653099
3kl6_443_A_1,2vwl,O=C(CN1C[C@H](NC(=O)c2ccc(Cl)s2)C[C@H]1CO)Nc1ccc(-n2ccccc2=O)cc1F,COMPLETED,2.593230836858781,33.734532833099365,-9.23684547262623,0.12109703130455651,0.435837340784953
3kl6_443_A_1,4y7b,C[NH2+]CCN1C[C@H]2C[C@@H](C1)CN(C(=O)[C@H](C)N1CC[C@H](NS(=O)(=O)c3ccc4cc(Cl)ccc4c3)C1=O)C2,COMPLETED,2.226835989044829,35.007131814956665,-10.085797345005213,0.40333554911352304,0.5221224314521561
3kl6_443_A_1,2j2u,C[C@@H](C(=O)N1CCOCC1)N1CC[C@H](NS(=O)(=O)c2cc3cc(Cl)ccc3[nH]2)C1=O,COMPLETED,0.7134008980463461,31.366502285003662,-10.345857154746906,0.30273900442283513,0.6153431296699162
3kl6_443_A_1,2uwl,C[C@@H](C(=O)N1CCOCC1)N1CC[C@H](NS(=O)(=O)/C=C/c2ccc(Cl)s2)C1=O,COMPLETED,1.1362043652630707,28.0143301486969,-8.036878106056093,0.30758327462171775,0.5700799313386878
3kl6_443_A_1,5vof,O=C(NC[C@H]1CN(c2ccc(N3CCOCC3=O)cc2)C(=O)O1)c1ccc(Cl)s1,COMPLETED,1.203656774024544,28.66633653640747,-8.823538246387919,0.20017114269143452,0.4664322358871012
3kl6_443_A_1,1wu1,O=C(c1ncc(-c2ccncc2)cn1)N1CCN(S(=O)(=O)c2cc3cc(Cl)ccc3[nH]2)CC1,COMPLETED,1.1418466892793366,31.449634552001953,-10.458965404383463,0.21059365988161952,0.5148823461877543
3kl6_443_A_1,2uwp,C[C@@H](C(=O)N1CCOCC1)N1CC[C@H](NS(=O)(=O)CCc2ccc(Cl)s2)C1=O,COMPLETED,1.099600189679348,29.7945237159729,-7.896363702264056,0.31784249923906227,0.5817402927981178
3kl6_443_A_1,2j95,C[C@@H](C(=O)N1CCOCC1)N1CC[C@H](NS(=O)(=O)c2ccc(-c3ccc(Cl)s3)s2)C1=O,COMPLETED,0.8463632381948911,27.48769497871399,-9.026048200760517,0.3026858910399131,0.5446507041564146
3kl6_443_A_1,2y7z,C[NH+](C)[C@H]1CCc2cc(N3CC[C@H](NS(=O)(=O)c4ccc5cc(Cl)ccc5c4)C3=O)ccc21,COMPLETED,2.218596009696769,26.472017288208008,-9.123146205372837,0.3036509951418927,0.4581644041264831
3kl6_443_A_1,2j34,C[C@@H](C(=O)N1CCOCC1)N1CC[C@H](NS(=O)(=O)c2cc3ccc(Cl)cc3s2)C1=O,COMPLETED,0.7913247835118017,49.06922888755798,-9.982588789165,0.4306829369624703,0.6419960874967372
3kl6_443_A_1,2cji,C[C@@H](C(=O)N1CCOCC1)N1CC[C@H](NS(=O)(=O)c2ccc3cc(Cl)ccc3c2)C1=O,COMPLETED,3.0221283620077446,28.814184427261353,-8.543133147558034,0.4518992643341396,0.4294178812418902
3kl6_443_A_1,2j94,C[C@@H](C(=O)N1CCOCC1)N1CC[C@H](NS(=O)(=O)c2n[n-]c(-c3ccc(Cl)s3)n2)C1=O,COMPLETED,1.4013751452562355,30.604260206222534,-9.141179597438876,0.24347045402909598,0.5694131374457053
3kl6_443_A_1,2vvu,O=C(CN1CC[C@@H](NC(=O)c2ccc(Cl)s2)C1)Nc1ccc(-n2ccccc2=O)cc1F,COMPLETED,2.194271110613955,30.998321056365967,-8.499575994038715,0.15099190970185083,0.5073729903285521
2xch_CKG_A_1360,2io6,COc1ccccc1-c1cc2c(c3c1C(=O)NC3=O)c1cc(O)ccc1n2CCCO,COMPLETED,5.275384255168284,33.53584122657776,-7.900927011970404,0.09168013799932544,0.353118659071825
2xch_CKG_A_1360,2r7b,COc1cc2ncc3c(N)nc4c(C)c(N)ccc4c3c2cc1OC,COMPLETED,7.466548766304282,27.53529667854309,-7.507687793884176,0.08244078567499628,0.2616430967168585
2xch_CKG_A_1360,2pe1,C[C@H](C1=c2cc(NC(N)=O)ccc2=NC1=O)c1ccc[nH]1,COMPLETED,6.011704946027812,23.614043712615967,-7.915816456315075,0.07508971350960213,0.4085585520033821
2xch_CKG_A_1360,2in6,O=C([O-])CCn1c2ccc(O)cc2c2c3c(c(-c4ccccc4)cc21)C(=O)NC3=O,COMPLETED,7.005356998492893,33.62034749984741,-2.822312437851435,0.003975211873399181,0.11716120264420536
2xch_CKG_A_1360,3ot8,Cc1cc(Nc2cc([C@@H]3CCC[NH2+]C3)nc3c(-c4cnn(C)c4)cnn23)sn1,COMPLETED,1.312481138639986,28.346270322799683,-7.989153659832397,0.19714087791422022,0.37054055840495015
1eve_E20_A_2001,5nap,COc1cc2c(cc1OC)C(=O)/C(=C/[C@H]1CC[N@H+](Cc3ccccc3)CC1)C2,COMPLETED,0.6080765476953898,30.627232789993286,-12.026592734588245,0.5552737240867855,0.6455259135972956
1eve_E20_A_2001,7d9o,COc1cc2c(cc1OC)C(=O)[C@@H](C[C@]1(F)CC[N@@H+](Cc3ccc(F)cc3)CC1)C2,COMPLETED,0.8608698451759913,48.65602087974548,-10.632840221318816,0.37544233936733556,0.5821054077507798
1eve_E20_A_2001,6ezg,COc1c(C(=O)CC[C@H]2CC[N@H+](Cc3ccccc3)CC2)cc(Cl)c2[nH]ccc12,COMPLETED,2.378032644638318,33.040428161621094,-11.347572214360854,0.38355024619045835,0.6563721740776147
1eve_E20_A_2001,6tt0,COc1cc2cc(NC(=O)[C@@H]3CCC[C@H]([NH2+]Cc4ccccc4)C3)c(=O)oc2cc1OC,COMPLETED,2.610872923707701,37.696277379989624,-11.470476176085903,0.19784926864905544,0.44965635000433835
1eve_E20_A_2001,6ezh,COc1c(C(=O)CC[C@H]2CC[N@H+](CC3CCCCC3)CC2)cc(Cl)c2[nH]ccc12,COMPLETED,0.9710852425383988,32.02758193016052,-11.079942784544018,0.3284044964806008,0.6520884937335943
1eve_E20_A_2001,7d9q,COc1cc2c(cc1OC)C(=O)[C@H](C[C@]1(F)CC[N@H+](Cc3cccc(F)c3)CC1)C2,COMPLETED,1.4639450728539418,31.9808931350708,-10.668443847417514,0.37261499996730435,0.6115578987972289
1eve_E20_A_2001,7d9p,COc1cc2c(cc1OC)C(=O)[C@H](C[C@]1(F)CC[N@H+](Cc3ccccc3F)CC1)C2,COMPLETED,1.11192647508727,33.77178335189819,-11.034611456880324,0.6317032423763665,0.7923289297645136
2e1w_FR6_A_1,1ndy,NC(=O)c1cn([C@@H](CO)CCc2cccc3ccccc23)cn1,COMPLETED,0.6985418847732822,23.054017066955566,-8.006442784296006,0.8608938342166599,0.8746473409265269
2e1w_FR6_A_1,1wxz,C[C@H](O)[C@@H](CCc1cccc2nc(-c3ccc(Cl)cc3)oc12)n1cnc(C(N)=O)c1,COMPLETED,0.6847015963176951,28.573243856430054,-9.443323578617386,0.49600121116647644,0.6420507788938731
2e1w_FR6_A_1,1v7a,C[C@H](O)[C@@H](CCOc1ccc2ccccc2c1)n1cnc(C(N)=O)c1,COMPLETED,1.2645761826003206,24.507519960403442,-8.230462176104345,0.4936415037893851,0.71394315874707
1lru_BB2_A_501,1bsj,CCCC[C@H](OP(O)O)C(=O)N[C@@H](CC(C)C)C(=O)Nc1ccc([N+](=O)[O-])cc1,COMPLETED,2.502747715666895,24.781354427337646,-5.332470127627567,0.16756852836657826,0.45243981331085426
2vwz_7X6_A_1889,4g2f,Cc1ccc(O)cc1-n1c(=O)c2c(c3c(N)ncnc31)CCCC2,COMPLETED,2.0373633173990675,24.71049475669861,-10.718589690955978,0.11518952018550815,0.4385584506665816
2vwz_7X6_A_1889,5mja,O=C(CCl)Nc1ccc2c(Nc3cc(O)ccc3Cl)ncnc2c1,COMPLETED,2.1611372911617623,24.018845081329346,-9.673510944186491,0.12067173450351608,0.4244880433605437
2vwz_7X6_A_1889,4yjp,O=S1(=O)NCc2ccc(Nc3nccc(N(CCO)c4cccc5[nH]ncc45)n3)cc21,COMPLETED,2.028607581887222,31.7696213722229,-10.236054017102221,0.27186724201775436,0.5830612937747366
2vwz_7X6_A_1889,2vwy,CS(=O)(=O)c1cccc(Nc2nccc(Nc3c(Cl)ccc4c3OCO4)n2)c1,COMPLETED,0.30342385488666784,27.705767154693604,-10.072095462146477,0.6462465814104238,0.8155290175822991
2vwz_7X6_A_1889,4yjs,O=S1(=O)NCc2ccc(Nc3nccc(N(CCCO)c4cccc5[nH]ncc45)n3)cc21,COMPLETED,2.0595210770650056,30.618223905563354,-9.999317551469138,0.26378842571437916,0.5713878760600606
2vwz_7X6_A_1889,8bk0,O=C(Nc1ccccc1Cl)c1cnc2ccc(C3CC[NH2+]CC3)cn12,COMPLETED,2.352243275173722,26.307987928390503,-8.484253687669002,0.13155824811874564,0.3440140300014574
2vwz_7X6_A_1889,4p4c,COc1cccc(-n2c(N)c(C(N)=O)c3nc4ccccc4nc32)c1,COMPLETED,1.2880110108225007,27.55860662460327,-7.8584334372393645,0.06963681175121732,0.2681106279601489
3m2w_L8I_A_1,3fyj,Cc1ccc(-c2ccc3c(ccc4sc5c(c43)NC[C@@H](C)NC5=O)n2)cn1,COMPLETED,1.1955354095783006,30.593559503555298,-10.63696567412332,0.23925214112039636,0.4484678955413414
1zw5_ZOL_A_901,4dwb,CCCCC[NH2+]CC(P(=O)([O-])[O-])P(=O)([O-])[O-],COMPLETED,1.6724926586161741,21.6583514213562,-5.853436827772396,0.011802995523307446,0.29486701550849503
1zw5_ZOL_A_901,4kpd,O=P([O-])([O-])C(O)(Cc1cccnc1)P(=O)([O-])[O-],COMPLETED,1.460913204934825,22.474724531173706,-7.133903805280167,0.25869895356566974,0.5417440570129485
1zw5_ZOL_A_901,3icz,CC/C=C/c1ccc[n+](CC(P(=O)([O-])[O-])P(=O)([O-])[O-])c1,COMPLETED,3.717251872553164,23.786153078079224,-6.244776815064726,2.4194437957378875e-05,0.3224660728342526
1zw5_ZOL_A_901,4ogu,[NH3+]CCC(O)(P(=O)([O-])[O-])P(=O)([O-])[O-],COMPLETED,1.6877817610926253,19.500473260879517,-5.210308390806111,0.18630813210207775,0.4284477818410636
1zw5_ZOL_A_901,4dxj,CCC[NH2+]CC(P(=O)([O-])[O-])P(=O)([O-])[O-],COMPLETED,1.8457808626316246,21.165186882019043,-5.81880501620706,0.038175460536682776,0.39969787436365894
1q4x_G24_A_462,3imy,Cc1cc(OCC(=O)[O-])cc(C)c1Cc1ccc(O)c(C(C)C)c1,COMPLETED,0.5154393089879734,29.48208498954773,-11.045869477257837,0.585476269718681,0.639359981082915
2vt4_P32_A_400,5a8e,Cc1ccc(OC[C@@H](O)C[NH2+]C(C)(C)C)c2cc(C#N)[nH]c12,COMPLETED,0.5583231253250464,29.378035068511963,-7.571390918706091,0.42365979136370097,0.6455102301278658
2vt4_P32_A_400,2y04,CC(C)(C)[NH2+]C[C@H](O)c1ccc(O)c(CO)c1,COMPLETED,1.016132033743647,25.58454203605652,-6.868432811311079,0.1325689339244564,0.5054325476329307
2vt4_P32_A_400,6ps4,Cc1ccc(OC[C@@H](O)[C@H](C)[NH2+]C(C)C)c2c1CCC2,COMPLETED,0.9850592621766467,27.98196506500244,-6.825388376743285,0.34920611116723244,0.5713536402196272
2vt4_P32_A_400,2ycz,CC(C)(C)[NH2+]C[C@H](O)COc1cccc2[nH]c(C#N)c(I)c12,COMPLETED,0.3429086208784007,31.60164737701416,-7.551887495548836,0.5128287187763515,0.7634645597346019
2vt4_P32_A_400,6ps1,CC(C)(C)[NH2+]C[C@H](O)COc1nsnc1N1CCOCC1,COMPLETED,0.9733713075599423,41.772929430007935,-7.216577802359575,0.3471270659980953,0.6007516132782162
2zdt_46C_A_901,2gmx,CCOc1nc(NC(=O)Cc2cc(OC)c(Br)cc2OC)cc(N)c1C#N,COMPLETED,1.8862586448271577,26.456039667129517,-6.656185973586952,0.04692058881423281,0.286605474638927
2zdt_46C_A_901,2zdu,COC(=O)c1c(-c2ccccc2)c2cc(Br)ccc2c(=O)n1Cc1ccc(NC(=O)CCC(=O)[O-])cc1,COMPLETED,2.125456059169292,41.1573805809021,-9.595169601273408,0.555055183047744,0.723063785626047
3kk6_CEL_A_701,3n8x,CS(=O)(=O)Nc1ccc([N+](=O)[O-])cc1Oc1ccccc1,COMPLETED,5.122694556485642,29.322367668151855,-4.847420240700969,0.12657552731851737,0.3653283386856206
3kk6_CEL_A_701,5kir,CS(=O)(=O)c1ccc(C2=C(c3ccccc3)C(=O)OC2)cc1,COMPLETED,0.9591200240087495,29.434683799743652,-10.235855528080968,0.3309960015065776,0.6375791645417319
1a4g_ZMR_A_466,1b9s,CCC(CC)C(=O)Nc1cc(C(=O)[O-])ccc1NC(C)=O,COMPLETED,1.363143259773773,18.377941846847534,-6.458514741649815,0.16406395474940122,0.508418597741589
1a4g_ZMR_A_466,5jyy,COCCNC(=O)O[C@@H]([C@@H]1OC(C(=O)[O-])=C[C@H](NC(N)=[NH2+])[C@H]1NC(C)=O)[C@H](O)CO,COMPLETED,1.7051441859854546,25.489254474639893,-6.579486456350412,0.5700637150111136,0.6682421304600877
1a4g_ZMR_A_466,1f8e,CC(=O)N[C@H]1[C@H]([C@H](O)[C@H](O)C[NH3+])OC(C(=O)[O-])=C[C@@H]1[NH3+],COMPLETED,0.3147989580668908,20.324331998825073,-6.098446660655136,0.4781799801803891,0.7925129256977324
1a4g_ZMR_A_466,2qwi,CCCN(C)C(=O)[C@@H]1OC(C(=O)[O-])=C[C@H](NC(N)=[NH2+])[C@H]1NC(C)=O,COMPLETED,1.0905827731080304,24.090575218200684,-8.100487558362053,0.39764370550725764,0.5818091055270589
1a4g_ZMR_A_466,1f8c,CC(=O)N[C@H]1[C@H]([C@H](O)[C@H](O)CO)OC(C(=O)[O-])=C[C@@H]1[NH3+],COMPLETED,0.2821140026655893,22.04516911506653,-6.3956039111710945,0.6102033533592164,0.7907699607667571
1a4g_ZMR_A_466,1inf,CC(=O)Nc1ccc(C(=O)[O-])cc1NC([NH3+])[NH3+],COMPLETED,3.3560069068497946,20.033134698867798,-6.806113822719048,0.21743043299171824,0.5831035024222881
1a4g_ZMR_A_466,4mjv,[H]/N=C1/NC(=O)[C@@]2(C=C(C(=O)[O-])C[C@@H](OC(CC)CC)[C@@H]2NC(C)=O)S1,COMPLETED,1.8724277767729174,23.60865592956543,-4.749973622302392,0.10138733313927249,0.44963442325034353
1a4g_ZMR_A_466,4hzw,CO[C@@H]([C@@H]1OC(C(=O)[O-])=C[C@H](NC(N)=[NH2+])[C@H]1NC(C)=O)[C@H](O)CO,COMPLETED,0.2878678704429056,24.28140926361084,-7.694389141931798,0.7909663071377173,0.8639879427396941
1a4g_ZMR_A_466,3k37,CCC(CC)[C@H](NC(C)=O)[C@@H]1[C@H](O)[C@@H](C(=O)[O-])C[C@H]1NC(N)=[NH2+],COMPLETED,1.0724964331551103,23.731513738632202,-8.284613226143643,0.22472306137281553,0.619317567442581
1a4g_ZMR_A_466,2qwj,CCN(CC)C(=O)[C@@H]1OC(C(=O)[O-])=C[C@H]([NH3+])[C@H]1NC(C)=O,COMPLETED,0.7293834653485157,21.985875606536865,-6.195075405274193,0.3103939625544972,0.5201211388314728
1a4g_ZMR_A_466,1inv,CC(=O)N[C@H]1[C@H]([C@H](O)[C@H](O)CO)O[C@H](P(=O)([O-])[O-])C[C@@H]1O,COMPLETED,0.639530654539122,22.611375331878662,-6.9847702316445,0.46560712344185334,0.6705852087090928
1a4g_ZMR_A_466,1vcj,CCC(CC)Nc1cc(C(=O)[O-])ccc1N1C(=O)CC[C@@]1(C[NH3+])CO,COMPLETED,4.046945668525832,25.804493188858032,-2.754331071351883,0.01382057081638645,0.2515079051191661
1a4g_ZMR_A_466,1inw,CC(=O)N[C@H]1[C@H]([C@H](O)[C@H](O)CO)O[C@@H](P(=O)([O-])[O-])C[C@@H]1O,COMPLETED,0.7534347394875468,21.360275506973267,-6.805635379261412,0.505975116646186,0.6730703138592918
1a4g_ZMR_A_466,1xog,COC(=O)[C@@H]1C[C@H](C(=O)[O-])O[C@H]1[C@H](CC(C)C)NC(C)=O,COMPLETED,1.2415190672259988,22.99756145477295,-6.586429907012003,0.13327136760063077,0.46033505421027243
1a4g_ZMR_A_466,1ivb,CC(=O)Nc1c(O)cc(C(=O)[O-])cc1[N+](=O)[O-],COMPLETED,0.7125015504627095,20.41474676132202,-6.44030531056197,0.2152230982391503,0.5165673134894884
3ln1_CEL_A_682,3n8x,CS(=O)(=O)Nc1ccc([N+](=O)[O-])cc1Oc1ccccc1,COMPLETED,5.038281804156576,25.65613031387329,-7.605872620692665,0.12142540491986636,0.36838767799808353
3ln1_CEL_A_682,3qmo,CS(=O)(=O)Nc1ccc([N+](=O)[O-])cc1OC1CCCCC1,COMPLETED,5.135744640913005,26.525972604751587,-7.479856559788524,0.10404831740304919,0.3799540191603904
3ln1_CEL_A_682,5kir,CS(=O)(=O)c1ccc(C2=C(c3ccccc3)C(=O)OC2)cc1,COMPLETED,0.8516863613923956,26.836416006088257,-10.31628979100003,0.39550450142513355,0.7115224059927353
3ln1_CEL_A_682,6cox,NS(=O)(=O)c1ccc(-n2nc(C(F)(F)F)cc2-c2ccc(Br)cc2)cc1,COMPLETED,0.3459145876124297,29.436737775802612,-11.53763801204718,0.7784131775143006,0.9212482873223795
1f0r_815_A_401,1f0s,O=C1[C@@H](NS(=O)(=O)c2cc3ncccc3s2)CCN1Cc1cc2ccncc2[nH]1,COMPLETED,0.3526784424842317,27.19046902656555,-9.388408260523804,0.701391789418368,0.8422763594323964
2qd9_LGF_A_361,6m95,COc1cc(SC)ccc1C(=O)N1CCC(Cc2ccccc2)CC1,COMPLETED,1.1078657507117002,24.9393630027771,-9.837034879755441,0.24385419293030638,0.4663893245994284
2qd9_LGF_A_361,3zsh,C[C@@H]1CN(Cc2ccc(F)cc2)[C@@H](C)CN1C(=O)c1cc2c(C(=O)C(=O)N(C)C)cn(C)c2cc1Cl,COMPLETED,0.5263122987669331,35.75537085533142,-10.308740066901287,0.3497550696903709,0.5835463319368522
2oi0_283_A_1,3b92,CC#CCOc1ccc(S(=O)(=O)CCCS)cc1,COMPLETED,0.709676619626463,18.94828701019287,-6.713253954541107,0.5358527660359015,0.7651023908171569
2zec_11N_A_1,2zeb,CSc1sc(C(=O)N2CCC3(CC2)COc2ccc(C[NH3+])cc23)c2ccccc12,COMPLETED,0.6515989590601537,27.55516028404236,-8.498040204014917,0.3588866692830637,0.49916424974195595
2zec_11N_A_1,3v7t,CCCOc1sc(C(=O)N2[C@@H]3CC[C@H]2C[C@H](c2cc(C[NH3+])ccc2F)C3)c(C)c1Br,COMPLETED,1.8443192910484172,28.744718074798584,-7.481964030001575,0.3984684688736592,0.4848094197260929
2zec_11N_A_1,2za5,[NH3+]Cc1ccc2c(c1)C1(CCN(C(=O)c3ccc(C#Cc4ccccc4)o3)CC1)CO2,COMPLETED,2.5141386143683624,26.284473419189453,-7.446895787912682,0.2201788601595912,0.32247908890216803
2zec_11N_A_1,2bm2,[NH3+]Cc1cccc(C2CCN(C(=O)c3cncc(CCc4ccccc4)c3)CC2)c1,COMPLETED,2.4100249110054173,27.207295179367065,-8.040101842315456,0.31796703188774605,0.4845121367928361
1s3b_RMA_A_601,2c65,C=C/C=[N+](\C)[C@@H]1CCc2c(OC(=O)N(C)CC)cccc21,COMPLETED,1.1690453260185054,19.379227876663208,-7.690392182322834,0.4907343289739267,0.5531487976762107
1s3b_RMA_A_601,2c64,C=C/C=[N+](\C)[C@@H]1CCc2ccc(O)cc21,COMPLETED,0.8456405643061337,19.508949518203735,-7.369404570187782,0.1505237854241112,0.4909613284877495
1s3b_RMA_A_601,2c66,C=C/C=[NH+]/[C@@H]1CCc2c(O)cccc21,COMPLETED,0.9351489667427358,18.018691778182983,-7.433637457368834,0.6401211697822233,0.7107680785725721
1s3b_RMA_A_601,5mrl,C/C=C/N(C)Cc1ccco1,COMPLETED,1.3774624492489511,17.39022994041443,-5.233559301667602,0.1386122636999054,0.49545736526340645
1s3b_RMA_A_601,1gos,C=C/C=[N+](\C)C[C@H]1CC=CCC1,COMPLETED,1.703388308636639,17.47332453727722,-6.31092385939273,0.35154232620473364,0.45854328629811353
1s3b_RMA_A_601,1s3e,C#CC[NH2+][C@@H]1CCc2ccc(O)cc21,COMPLETED,1.8887435430541049,19.219903469085693,-7.316442167472573,0.19646214992534314,0.5462172870055901
1s3b_RMA_A_601,2vz2,C=C(C=[NH2+])CCc1ccc(F)cc1,COMPLETED,2.0725650849945505,29.818941831588745,-6.669926842335343,0.15188350005649032,0.5927118891185409
2gtk_208_A_1001,3fej,CCO[C@@H](Cc1ccc(OCc2csc(-c3ccc(Cl)cc3)n2)cc1C)C(=O)[O-],COMPLETED,1.7780182804226852,32.49421834945679,-7.711894187314159,0.4274008086956423,0.5979428309242885
3hmm_855_A_857,3kcf,COCc1cccc(-c2c(-c3ccc4nccnc4c3)n(C)n(C)c2=O)c1,COMPLETED,2.2312780273994455,29.93276309967041,-9.40580084165914,0.06927959518192613,0.3920114279902447
3hmm_855_A_857,1py5,c1ccc(-c2n[nH]cc2-c2ccnc3ccccc23)nc1,COMPLETED,5.3646884996774435,25.00703263282776,-3.643611822087842,0.005558157549366005,0.15795173824392703
3hmm_855_A_857,6b8y,Fc1cnccc1Nc1nc(-c2cccc(C(F)(F)F)n2)nc2[nH]ccc12,COMPLETED,0.3047027403880685,28.890912771224976,-12.16341485328819,0.5168024937561426,0.7246282358305864
3hmm_855_A_857,5qtz,Cc1cccc(-c2ncn(CC(F)F)c2-c2ccc3nccn3c2)n1,COMPLETED,0.5594991445927338,27.804503202438354,-10.312661021884953,0.22284189148898192,0.582324772128403
3hmm_855_A_857,1vjy,Cc1cccc(C2=C(c3ccc4ncccc4n3)CNN2)n1,COMPLETED,1.8156271935364625,22.495777368545532,-9.969704328861052,0.1503756337093258,0.49868793579628623
3hmm_855_A_857,3faa,CC(=O)Nc1nc(-c2ccc(F)c(C)n2)c(-c2ccc3nccnc3c2)[nH]1,COMPLETED,2.0178904472337043,28.413308143615723,-12.202213665885658,0.057613480204617595,0.432071901828623
3hmm_855_A_857,1rw8,Cc1cccc(-c2nn3c(c2-c2ccc(F)cc2)CCC3)n1,COMPLETED,4.81507290160048,25.98139238357544,-9.178419754088422,0.03724241118125107,0.34058100792891505
1w7x_413_H_1261,4yt6,[H]/N=C(\N)c1ccc(N[C@@H](c2nc(-c3ccccc3)c[nH]2)c2cc(OCC)cc(OC(C)C)c2F)cc1,COMPLETED,1.8938317098240638,34.86246299743652,-6.794299074262296,0.24184143752749795,0.4314250100686438
1w7x_413_H_1261,4yt7,[H]/N=C(\N)c1ccc(N[C@@H](c2nc(-c3ccccc3C(N)=O)c[nH]2)c2cc(OCC)cc(OC(C)C)c2F)cc1,COMPLETED,3.7088050118939924,41.318817138671875,-6.703030095548514,0.16347369119653382,0.33571393440360886
1w7x_413_H_1261,4jyv,CCOc1cc([C@@H](Nc2ccc3cnccc3c2)C(=O)[N-]S(=O)(=O)c2cccc(S(N)(=O)=O)c2)ccc1OC(C)C,COMPLETED,2.1547252935090833,39.63366985321045,-7.111487921992196,0.3107425710397252,0.4608984652939577
1w7x_413_H_1261,1w2k,COc1ccc([C@@H](Nc2ccc(C(N)=[NH2+])cc2)C(=O)NCc2ccccc2)cc1OC,COMPLETED,0.9835844111569524,23.97178339958191,-8.457257597790123,0.6362436832881918,0.6772295392295934
1w7x_413_H_1261,4ng9,CCOc1cc([C@@H](Nc2ccc3c(N)nccc3c2)C(=O)NCc2cccc(S(N)(=O)=O)c2)ccc1OC(C)C,COMPLETED,2.9282552111282922,42.9102737903595,-7.344229262053083,0.3280650844191493,0.47726481406238586
1w7x_413_H_1261,4nga,CCOc1cc([C@@H](Nc2ccc3c(N)nccc3c2)C(=O)NCc2ccccc2S(=O)(=O)C(C)C)ccc1OC(C)C,COMPLETED,1.2238859398692037,41.264673709869385,-7.059848964766089,0.35143794829489416,0.5094781187360405
1w7x_413_H_1261,4zxy,Nc1nccc2cc(N[C@H]3C(=O)NCc4cccc(c4)NC(=O)CCCc4ccc3cc4)ccc12,COMPLETED,0.6513368985621586,58.175475120544434,-9.570645196148938,0.2949103126030578,0.45126706883798406
1w7x_413_H_1261,1ygc,CCOc1cc(OCC)c(F)c([C@@H](Nc2ccc(C(N)=[NH2+])c(O)c2)C(=O)[N-]S(=O)(=O)c2cccc(N)c2)c1,COMPLETED,1.5079287236226768,33.314358711242676,-7.675399734814086,0.3638618465584565,0.4870108778515433
1w7x_413_H_1261,4jyu,CCOc1cc([C@@H](Nc2ccc3c(N)nccc3c2)C(=O)[N-]S(=O)(=O)c2ccccc2)ccc1OC(C)C,COMPLETED,0.7905267823952651,30.917192220687866,-6.582511242066268,0.35359939992140144,0.5464998768363054
1w7x_413_H_1261,5pam,CCOc1ccc(F)c([C@@H](Nc2ccc3c(N)nccc3c2)C(=O)N2CCC[C@@H]2c2ccccc2)c1,COMPLETED,0.6497851003729364,37.88810086250305,-7.820659623467216,0.31039268693574557,0.5006179926096918
1w7x_413_H_1261,5paq,CCOc1cc([C@@H](Nc2ccc3c(N)nccc3c2)C(=O)N2CCC[C@@H]2c2ccccc2)ccc1OC(C)C,COMPLETED,0.6428838932936569,43.836734771728516,-7.429827869085745,0.36533934674091884,0.5592326447887995
1w7x_413_H_1261,1w0y,COc1cc(CNc2ccc(C(N)=[NH2+])cc2)c(NS(C)(=O)=O)cc1OCc1ccccc1,COMPLETED,1.074021903582511,25.427181482315063,-8.159221195765747,0.5045175094598302,0.49675363679455165
1w7x_413_H_1261,4x8v,COC(=O)Nc1ccc(S(=O)(=O)C(C)C)c([C@H]2CCCN2C(=O)[C@H](Nc2ccc3c(c2)C(=O)NCC3)c2ccc(OC)c(OC)c2)c1,COMPLETED,1.489772694356781,46.40616416931152,-6.1828187240946155,0.17330185381520075,0.34391671122990425
3chp_4BO_A_901,7av1,COc1ccc(-c2nnn(CC[NH3+])n2)cc1,COMPLETED,0.7174206149463511,23.24984121322632,-8.03960147566771,0.15859595236213142,0.4806482404832229
1j4h_SUB_A_201,1j4i,Cc1ccc(S(=O)(=O)N2CCSC[C@H]2C(=O)N[C@@H](CC(C)C)C(=O)[O-])cc1,COMPLETED,1.5886552975533887,21.73390769958496,-6.436174929935649,0.256277613396052,0.5506727591400309
1b9v_RA2_A_468,3ckz,CC(=O)N[C@H]1[C@H]([C@H](O)[C@H](O)CO)OC(C(=O)[O-])=C[C@@H]1NC(N)=[NH2+],COMPLETED,4.622993963731258,35.529669761657715,-5.6585050279875295,0.06538268914060553,0.42297849228949025
1b9v_RA2_A_468,1b9t,NC(=[NH2+])Nc1cc(C(=O)[O-])ccc1N1C(=O)CCC1(CO)CO,COMPLETED,0.6098434300133391,18.621536016464233,-8.346317246247962,0.38527428867211694,0.6711424005408987
1b9v_RA2_A_468,4dgr,CCC[NH+](CCC)Cc1cc(C(=O)[O-])ccc1N1C(=O)CCC1(CO)CO,COMPLETED,1.204916517624539,26.415631532669067,-7.103049436487466,0.39546701823039226,0.6985583321673533
1b9v_RA2_A_468,3k39,CCC(CC)[C@H](NC(C)=O)[C@@H]1[C@H](O)[C@@H](C(=O)[O-])C[C@H]1NC(N)=[NH2+],COMPLETED,4.15501060501969,22.25747561454773,-6.3770204379902955,0.08874620203141619,0.5094845161408623
1b9v_RA2_A_468,1vcj,CCC(CC)Nc1cc(C(=O)[O-])ccc1N1C(=O)CC[C@@]1(C[NH3+])CO,COMPLETED,0.7526643352783494,22.345911502838135,-7.2715992197395725,0.43872244630209284,0.7309752845989888
3i4b_Z48_A_501,3i60,Cc1cnc(Nc2ccccc2Cl)nc1-c1c[nH]c(C(=O)N[C@H](CO)c2ccccc2)c1,COMPLETED,1.2515893291131894,28.650978565216064,-8.789482325138888,0.4173693675379821,0.6722529238042771
3i4b_Z48_A_501,5bvf,O=C1c2cc(-c3ccnc(N[C@H]4CC[C@@H](O)C4)n3)cn2CCCN1[C@H](CO)c1cccc(Cl)c1,COMPLETED,1.6475210662760973,31.754950284957886,-10.911774474703236,0.29080258368251477,0.4532364641094095
3l3m_A92_A_351,4rv6,C[NH2+]Cc1ccc(-c2[nH]c3cc(F)cc4c3c2CCNC4=O)cc1,COMPLETED,0.9572003737027409,25.700479745864868,-10.477183196765802,0.4435872348802181,0.6226616300897237
3l3m_A92_A_351,2rcw,CCC[N@H+]1CC[C@H](c2nc3cccc(C(N)=O)c3[nH]2)CC1,COMPLETED,0.8450760636376667,21.50380563735962,-8.878356776117219,0.5076247013874268,0.6738465960495922
3l3m_A92_A_351,5a00,NC(=O)c1cc(F)cc2c1C(=O)N([C@H]1CC[N@H+](C3CCC(F)(F)CC3)CC1)C2,COMPLETED,3.0569744640038174,28.428879022598267,-9.961966742030176,0.1341150552918296,0.33596608647451054
3l3m_A92_A_351,6i8m,C[C@H]1c2cccc(C(N)=O)c2C(=O)N1[C@H]1CC[N@H+](C2CCCCC2)CC1,COMPLETED,0.9635439988357084,23.251213312149048,-9.932339776153755,0.17097054978583054,0.7411474499461692
3l3m_A92_A_351,5xsr,NC(=O)c1cc(F)cc2[nH]c(-c3cc4c(s3)C[NH2+]CC4)nc12,COMPLETED,0.883874744571259,23.24963140487671,-9.158447519326232,0.5242213293284383,0.4872281284408355
3l3m_A92_A_351,5xst,NC(=O)c1cc(F)cc2[nH]c(-c3cc4c(s3)CC[NH2+]C4)nc12,COMPLETED,1.5669150860267387,23.534756898880005,-10.094892492353813,0.5307655960351404,0.5454350019220482
1l2s_STC_A_1115,1xgi,O=C([O-])c1sccc1S(=O)(=O)Nc1cccc([N+](=O)[O-])c1,COMPLETED,1.4303116831489495,17.850853204727173,-7.456139718000901,0.4284640750683101,0.6379981164097613
1l2s_STC_A_1115,4jxs,O=C([O-])c1ccc(CNS(=O)(=O)c2ccsc2C(=O)[O-])cc1,COMPLETED,0.5750035656015932,18.264172077178955,-7.178898641654923,0.5215130034547609,0.670772395287672
1l2s_STC_A_1115,1xgj,O=C([O-])c1ccc([N-]S(=O)(=O)c2ccsc2C(=O)[O-])c(O)c1,COMPLETED,1.2540918815113693,19.149006605148315,-5.607321449281828,0.11994973466688631,0.36283648456937057
1l2s_STC_A_1115,4kz4,CCCS(=O)(=O)Nc1ccccc1C(=O)[O-],COMPLETED,5.479026316326651,15.267913103103638,-4.981905235681108,0.21328473613159726,0.4197691049977747
1l2s_STC_A_1115,6dpx,O=C([O-])Cc1cccc(NS(=O)(=O)c2cccc(Cl)c2[O-])c1,COMPLETED,1.9190290423687042,19.26527500152588,-6.856565964692132,0.2119363874920767,0.4607666069474564
1l2s_STC_A_1115,6dpy,Cc1oc(C)c(S(=O)(=O)N[C@@H]2CCOc3ccc(F)cc32)c1C(=O)[O-],COMPLETED,0.5962406594656222,21.417959690093994,-8.261811804005436,0.4137866177182812,0.5663156012406038
2azr_982_A_301,7fqu,O=C([O-])COc1cccc(Cl)c1,COMPLETED,1.8720421171366133,12.782374382019043,-5.614302687544798,0.29584638330762886,0.47515578128867453
2azr_982_A_301,2hb1,O=C([O-])COc1c(Br)csc1C(=O)[O-],COMPLETED,0.47893204259954403,14.320359945297241,-5.035369317733644,0.5121935414369041,0.6128721027676424
2azr_982_A_301,2bge,O=C1CN(c2ccccc2)S(=O)(=O)[N-]1,COMPLETED,2.6877788881209277,14.635497570037842,-7.003384180454047,0.081698772390543,0.5311283019543807
1s3v_TQD_A_187,1mvt,COc1cc(CN(C)c2cnc3nc(N)nc(N)c3c2)cc(OC)c1OC,COMPLETED,0.3930434378972302,26.058557271957397,-8.600560060901055,0.2983430309081102,0.7659655815400696
1uyg_PU2_A_1224,3b26,Cc1cc(-c2ccc3c4c(cccc24)COC3)nc(N)n1,COMPLETED,4.191516856302342,25.660106897354126,-10.670563690748304,0.07301990324426841,0.2537465576197174
1uyg_PU2_A_1224,7d22,CC(C)(C)c1cc(Cn2cnc3c(Cl)nc(N)nc32)on1,COMPLETED,2.6432363453953656,23.68732762336731,-7.264370615136951,0.0358438767482488,0.22799896114334497
1uyg_PU2_A_1224,2qg2,Cc1cc(C#Cc2ccccc2CNn2ccoc2=O)nc(N)n1,COMPLETED,2.5961480687741982,26.25243616104126,-6.981437031751111,0.09305715209292066,0.32289593616258416
1uyg_PU2_A_1224,4l91,Oc1cc(O)c(-c2nnc3ccc(Br)cn23)cc1Cl,COMPLETED,5.981200864242987,21.483541250228882,-7.825930308701754,0.03885010588346252,0.3258308649699006
1uyg_PU2_A_1224,7d24,CC(C)(C)C1=NO[C@@H](Cn2cnc3c(Cl)nc(N)nc32)C1,COMPLETED,2.5689482980580283,23.7757785320282,-5.291290030271745,0.08441022154472887,0.3595200979943286
1uyg_PU2_A_1224,2fwy,CC(C)[NH2+]CCCn1c(Sc2cc3c(cc2Br)OCO3)nc2c(N)ncnc21,COMPLETED,3.232482615133894,27.480239629745483,-3.873420585571408,0.0632362806201369,0.0808143119607329
1uyg_PU2_A_1224,6lr9,CN(C)c1cc2c(cc1Sc1nc3c(N)nccc3n1CC[NH2+]CC(C)(C)C)OCO2,COMPLETED,2.360852347038274,29.583428621292114,-7.978689478962257,0.3408112325860258,0.5095087909751637
1uyg_PU2_A_1224,6n8y,C/C=C/Cn1c(Cc2cc(OC)c(OC)c(OC)c2)nc2c(N)ncnc21,COMPLETED,1.7168658619058683,27.572954177856445,-8.023514153313682,0.36099728565540784,0.5676385599243687
1uyg_PU2_A_1224,4r3m,Nc1nccn2c(NCc3ccccc3)c(Cc3cc4c(cc3Br)OCO4)nc12,COMPLETED,1.4312956753741795,28.835060834884644,-9.175654660484787,0.28475442747113305,0.5099644889586051
1uyg_PU2_A_1224,1uyd,CCCCn1c(Cc2cc(OC)c(OC)c(OC)c2Cl)nc2c(N)ncnc21,COMPLETED,2.7520640698651726,28.549204349517822,-7.469324072238252,0.3542944872368765,0.5577029560308493
1uyg_PU2_A_1224,1uyc,CCCCn1c(Cc2cc(OC)ccc2OC)nc2c(N)ncnc21,COMPLETED,1.0300986842045765,25.767290115356445,-7.434890577918847,0.49204536718606345,0.6983839448389793
1uyg_PU2_A_1224,1uym,CCCCn1c(Cc2cc(OC)c(OC)c(OC)c2)nc2c(N)ncnc21,COMPLETED,0.9741741307574515,26.818180561065674,-7.637947448812252,0.37762143253817515,0.5515614326936688
1uyg_PU2_A_1224,1uyk,CCCCn1c(Cc2ccc3c(c2)OCO3)nc2c(N)nc(F)nc21,COMPLETED,0.5891542857350696,24.812837600708008,-8.184907711114358,0.517887319936642,0.57852645842424
1uyg_PU2_A_1224,6el5,C#CCCCn1c(Cc2cc(OC)c(OC)c(OC)c2Cl)nc2c(N)nc(F)nc21,COMPLETED,3.1072026944933393,29.63461685180664,-7.898189867723384,0.3653087884742922,0.5638926007487429
1uyg_PU2_A_1224,4u93,COc1cccc(-c2cc(F)ccc2[C@H]2Cc3nc(N)nc(C)c3C(=O)N2)n1,COMPLETED,2.3830262198815304,29.23555064201355,-10.684231952655972,0.07182269352086208,0.38523037191036763
1uyg_PU2_A_1224,3hz5,Cc1n[nH]c(-c2ccco2)c1CCCCN(C)c1ncnc2nc[nH]c12,COMPLETED,8.620324667319672,26.881460905075073,13.789057145292276,0.02633334216493899,0.11223867778523791
1uyg_PU2_A_1224,2qf6,Nc1nc(N)nc(-c2cc3ccccc3cc2Br)n1,COMPLETED,2.7299719082803766,23.586715936660767,-9.170436715262696,0.08387317079429764,0.28916646505363
1uyg_PU2_A_1224,8ssv,CC(C)[NH2+]CCCn1c(Sc2cc3c(cc2I)OCO3)nc2c(N)ncnc21,COMPLETED,3.9560009224684753,30.489880084991455,-1.5733241509530185,0.035027046628484916,0.1414009598490182
1uyg_PU2_A_1224,7d26,Nc1nc(Cl)c2ncn(Cc3cnc(-c4ccccc4)o3)c2n1,COMPLETED,3.2592712882536774,26.626132488250732,-3.783773591785651,0.006112927677837305,0.13853262350307657
1uyg_PU2_A_1224,3b25,Cc1ccc(S(=O)(=O)c2cc(C)nc(N)n2)cc1,COMPLETED,2.246068851348952,21.909736156463623,-8.013090343589269,0.020220403136809943,0.2847560189309535
1uyg_PU2_A_1224,3ft8,Cc1nc(N)nc2c1/C(=N/O)C[C@@H](c1ccc(F)cc1-c1cccnc1)C2,COMPLETED,4.601162048592444,28.727298974990845,-10.831810193046962,0.10833170746130433,0.4154195798575581
1uyg_PU2_A_1224,4cwr,Nc1nc2c3c(F)cccc3nc(Cc3ccc4c(c3)OCO4)n2n1,COMPLETED,0.39932214764523133,26.173646211624146,-10.488793753644476,0.2330187773650433,0.4244619255784354
1uyg_PU2_A_1224,3o0i,C#CCCCn1cnc(N)c2nc(Sc3ccc(C)cc3C)nc1-2,COMPLETED,7.322835847766446,25.3397216796875,-7.631735013614199,0.027480182928002084,0.4133880726281478
1uyg_PU2_A_1224,1uyi,C#CCCCn1c(Cc2cc(OC)ccc2OC)nc2c(N)nc(F)nc21,COMPLETED,1.6262669976906556,27.18380832672119,-7.568851757786794,0.5967694658027357,0.7396806236872768
1uyg_PU2_A_1224,1uy7,CCCCn1c(Cc2ccc(OC)cc2)nc2c(N)ncnc21,COMPLETED,0.8956461993152351,23.723600149154663,-6.95984553262971,0.31640781656792955,0.4989868967868885
1uyg_PU2_A_1224,1uy9,CCCCn1c(Cc2ccc3c(c2)OCO3)nc2c(N)ncnc21,COMPLETED,0.7356060616367074,25.485682487487793,-7.805860429484859,0.35261438182644766,0.5104049284674923
1uyg_PU2_A_1224,1uyh,CCCCn1c(Cc2cc(OC)ccc2OC)nc2c(N)nc(F)nc21,COMPLETED,0.9202982520315401,24.65749764442444,-7.814070092274433,0.6063438042042797,0.7448116678859311
1uyg_PU2_A_1224,1uy8,CCCCn1c(Cc2cccc(OC)c2)nc2c(N)ncnc21,COMPLETED,0.8624040995203844,23.741173267364502,-7.3784909949866355,0.4061025577477045,0.578899930763889
1uyg_PU2_A_1224,5lr1,Cc1cnc(Cn2ccc3c(Cl)nc(N)nc32)c(C)c1Cl,COMPLETED,3.3965375115872116,23.587368726730347,-7.470781912085046,0.03733028434704062,0.2258590892714719
1uyg_PU2_A_1224,2h55,CC(C)[NH2+]CCCn1c(Cc2cc3c(cc2I)OCO3)nc2c(N)nc(F)nc21,COMPLETED,4.708227073889953,28.981364250183105,-1.578589874556321,0.053506882015592845,0.2807212626201841
3kc3_MK2_A_500,3r30,[NH3+]CCn1nc(-c2ccnc(-c3cnc4ccccc4c3)c2)cc1C(=O)[O-],COMPLETED,3.0573841262074324,26.464542388916016,-8.53738902758005,0.15433608369980348,0.5383412154028713
3bkl_KAW_A_800,3bkk,O=C(CCC(O)(O)[C@H](Cc1ccccc1)NC(=O)c1ccccc1)N[C@@H](Cc1ccccc1)C(=O)[O-],COMPLETED,0.6528410485885691,47.42575168609619,-9.38092441250444,0.5197327946547196,0.6574259409431671
3bkl_KAW_A_800,6tt1,C[C@H](C[P@](=O)([O-])[C@H](Cc1ccccc1)NC(=O)[C@H]([NH3+])Cc1nnn[n-]1)C(=O)N[C@@H](C)C(N)=O,COMPLETED,1.611062514822645,44.978261947631836,-6.200868513159184,0.12074591059666251,0.34587978416934495
3cjo_K30_A_1,2fl2,[NH3+][C@H](C(=O)N1CC(c2cc(F)ccc2F)=C[C@H]1c1ccccc1)C1CC1,COMPLETED,1.4766394547183042,25.020049810409546,-10.845554939805632,0.46320660213563286,0.5727781561816597
3cjo_K30_A_1,2fky,CN(C(=O)N1CC(c2cc(F)ccc2F)=C[C@H]1c1ccccc1)C1CC[NH2+]CC1,COMPLETED,1.2204553709225883,23.92107129096985,-11.769554125645994,0.5526258076405941,0.6873691005539833
3cjo_K30_A_1,2g1q,CCNC(=O)N1N=C(c2cc(F)ccc2F)C[C@@]1(CCC[NH3+])c1ccccc1,COMPLETED,0.6720195057224376,25.470400094985962,-10.385849397207313,0.35452633189257304,0.5259717838310798
3cjo_K30_A_1,6hkx,CON(C)C(=O)N1N=C(c2cc(F)ccc2F)S[C@@]1(CCC[NH3+])c1ccccc1,COMPLETED,0.7089210903999077,26.799656867980957,-9.544375321241166,0.34725298171564584,0.5121899939311705
3cjo_K30_A_1,2fl6,CN(C)C(=O)N1CC(c2cc(F)ccc2F)=C[C@H]1c1ccccc1,COMPLETED,1.210411312151094,23.132673025131226,-11.660670430031255,0.4817051844037611,0.5150463203277769
3cjo_K30_A_1,1yrs,CC(=O)N1N=C(c2ccccc2Cl)C[C@H]1c1cccc(O)c1,COMPLETED,1.743669845730289,23.488210678100586,-10.005006973347928,0.2804791112757359,0.5060920582389022
3cjo_K30_A_1,2fme,Cc1ccc2c(c1C)CN(C(=O)N(C)C)C[C@@H]2c1cccc(O)c1,COMPLETED,5.359782284524251,24.483743906021118,-7.544037196616259,0.07394778531576998,0.27776070015340887
3nw7_LGV_A_1,3nw6,O=C(c1ccc(F)nc1)N1CCC[C@H]1c1nc(Nc2cc(C3CC3)[nH]n2)c2cccn2n1,COMPLETED,1.5803598762425919,30.570849418640137,-12.556605790895263,0.665178935601116,0.7535102843678707
3nw7_LGV_A_1,3i81,C[C@@]1(C(=O)Nc2ccc(F)nc2)CCCN1c1nc(Nc2cc(C3CC3)n[nH]2)c2cccn2n1,COMPLETED,0.8977698873253855,33.27369499206543,-8.859252968761679,0.28924986779420203,0.4978211256339477
3ny8_JRZ_A_1203,5a8e,Cc1ccc(OC[C@@H](O)C[NH2+]C(C)(C)C)c2cc(C#N)[nH]c12,COMPLETED,0.5248925794865079,26.539896249771118,-7.597063014425658,0.5175513446534834,0.6316056120645268
3ny8_JRZ_A_1203,7dhi,CC(C)(C)[NH2+]C[C@H](O)c1ccc(O)c(CO)c1,COMPLETED,0.9837952261821679,37.461689949035645,-7.12425039436107,0.14831630541421237,0.4529880942046902
3ny8_JRZ_A_1203,2ycz,CC(C)(C)[NH2+]C[C@H](O)COc1cccc2[nH]c(C#N)c(I)c12,COMPLETED,0.7585981191405871,26.87139105796814,-7.722352952134071,0.2820293034952323,0.5187928763469173
3ny8_JRZ_A_1203,4bvn,CC(C)(C)[NH2+]C[C@H](O)COc1cccc2c1CC(C#N)=N2,COMPLETED,0.6839785004279151,21.24160385131836,-7.714729549954742,0.4454502837163303,0.5990381436636962
3ny8_JRZ_A_1203,6ps1,CC(C)(C)[NH2+]C[C@H](O)COc1nsnc1N1CCOCC1,COMPLETED,0.9419766924120887,25.56430172920227,-7.052121528953271,0.12862859993801343,0.48168248117409296
3frg_SK4_A_1,5sf7,COc1ccc2c(=O)n(C)c3c(C)nc(-c4ccccc4Cl)n3c2c1,COMPLETED,0.9212971056070883,24.58237624168396,-8.696303842817187,0.12476893228403019,0.41177745573211455
3frg_SK4_A_1,3sni,COc1ccc2nc(C)c3c(C)nc(-c4cnccc4C)n3c2n1,COMPLETED,0.917991034133777,26.69664978981018,-7.706387068344744,0.10357729269720554,0.4322335568626367
3frg_SK4_A_1,4fcd,COc1cc(OC)c2nnc3c(C)nc(-c4ccccc4Cl)n3c2c1,COMPLETED,1.3389817299724438,27.114364862442017,-8.809394729218896,0.1680006796875998,0.3152147667650979
3frg_SK4_A_1,3gwt,COc1cccc(Nc2c(C(N)=O)cnc3c(C)cc(S(=O)(=O)c4cccc(C(=O)N(C)C)c4)cc23)c1,COMPLETED,1.4556719235181117,33.29772162437439,-11.068649846701163,0.586354703802133,0.5841260497344116
3frg_SK4_A_1,5shg,COc1ccc2nc(N)c3c(C)nc(-c4ccccc4Cl)n3c2n1,COMPLETED,1.0060141473077482,27.734942197799683,-8.224901344677853,0.13738140981841032,0.4987290444970962
3frg_SK4_A_1,5skf,N#Cc1cccc(-n2nccc2-c2nn(-c3cccc4c3OC(F)(F)O4)ccc2=O)c1,COMPLETED,5.7877114736532995,31.22651720046997,-10.027341362695722,0.1777230061244206,0.3080573206497353
3frg_SK4_A_1,5c2e,CC(C)(CO)n1c(=O)[nH]c2c3cccnc3n(-c3ccccc3)c(=O)c21,COMPLETED,7.5905802741849815,26.245230436325073,-7.154523744680288,0.05663956171794526,0.21327542727359478
3frg_SK4_A_1,6msc,COc1cc(F)cc2c1nnc1c2c(-c2ccncc2C)nn1C,COMPLETED,1.6640503474204138,26.812348127365112,-10.066006621571361,0.22708791302308376,0.3700036619157454
3frg_SK4_A_1,4pm0,C#Cc1csc2c(=O)n(CC)c(NC3CCCC3)nc12,COMPLETED,4.802626319577654,23.024247407913208,-7.09838032684543,0.05082858493874501,0.26810566170152844
3frg_SK4_A_1,5sjf,O=c1ccn(-c2cccc(OC(F)(F)F)c2)nc1-c1ccnn1-c1ccnc2ccccc12,COMPLETED,6.87855198642854,27.144017696380615,-4.202386065788944,0.007635876792651072,0.14298966595622425
3frg_SK4_A_1,5tkb,CNc1cc(Nc2c(F)c(F)cc(F)c2F)nn2c(C(=O)NC[C@@](C)(O)CO)cnc12,COMPLETED,1.5529238759566197,31.091236352920532,-8.168122909487025,0.052636237728631824,0.4565083201686692
3frg_SK4_A_1,5shb,O=c1ccn(-c2ccncc2)nc1-c1ccnn1-c1cccc(Br)c1,COMPLETED,3.5029888241899947,26.53238344192505,-7.546065181444967,0.006442926056035651,0.19688186853681955
1cx2_S58_A_701,5kir,CS(=O)(=O)c1ccc(C2=C(c3ccccc3)C(=O)OC2)cc1,COMPLETED,0.9185710454039724,27.0280282497406,-9.70865219097726,0.36571037445447474,0.6776086322824663
5l7h_6QG_A_1101,5mwy,COC(=O)[C@@H]1CC2=CC(=O)CC[C@]2(C)[C@@]23O[C@@H]2C[C@@]2(C)[C@@H](CC[C@@]24CCC(=O)O4)[C@H]13,COMPLETED,4.229043307613043,38.412330865859985,-6.988305247238039,0.07824662191169117,0.32782540546589856
5l7h_6QG_A_1101,2oax,CC(=O)S[C@@H]1CC2=CC(=O)CC[C@]2(C)[C@H]2CC[C@@]3(C)[C@@H](CC[C@@]34CCC(=O)O4)[C@H]12,COMPLETED,4.489821667029119,37.33486557006836,-8.734119776387535,0.14316164341780713,0.3792346714789542
5l7h_6QG_A_1101,5l7g,Cc1noc(COc2cccc(F)c2F)c1-c1ccc(CNS(=O)(=O)C2(C)CC2)cc1,COMPLETED,0.8143318107899976,34.959715366363525,-9.789477545325004,0.48015649705627883,0.7282856719863501
3k5e_K5E_A_369,1x88,CCOC(=O)C1=C(C)NC(=S)N[C@H]1c1cccc(O)c1,COMPLETED,0.25723837874625194,18.59857678413391,-7.806087075493931,0.7390800416878786,0.7690054237563967
3k5e_K5E_A_369,2x7c,O=C1CCCC2=C1[C@H](c1cccc(O)c1)NC(=S)N2,COMPLETED,0.3086341711135484,18.83842897415161,-8.926540028074923,0.8470363629648152,0.9206807521096602
3k5e_K5E_A_369,2x7d,CC1(C)CC(=O)C2=C(C1)NC(=S)N[C@H]2c1cccc(O)c1,COMPLETED,0.4610771911410026,34.09467053413391,-9.727014230478503,0.721304864223291,0.7492533920328913
3k5e_K5E_A_369,2fl6,CN(C)C(=O)N1CC(c2cc(F)ccc2F)=C[C@H]1c1ccccc1,COMPLETED,6.640481155665604,22.385990142822266,-8.995081266939161,0.12950100616137555,0.4231175351028378
3k5e_K5E_A_369,2fme,Cc1ccc2c(c1C)CN(C(=O)N(C)C)C[C@@H]2c1cccc(O)c1,COMPLETED,1.1309981152356827,22.051798105239868,-11.21746998055012,0.20748582853683412,0.4438422670493694
1e3g_R18_A_1000,1zuc,Cn1c(C#N)ccc1-c1ccc2c(c1)C(C)(C)OC(=S)N2,COMPLETED,1.8716576556624875,25.930795192718506,-5.6758436253280555,0.1346721147482349,0.38441043668799185
1e3g_R18_A_1000,1xnn,O=C1[C@@H]2[C@H]3CC[C@H](CC3)[C@@H]2C(=O)N1c1ccc([N+](=O)[O-])c2ccccc12,COMPLETED,6.674726087321431,29.870044469833374,-1.6324227112568157,0.07611054691115156,0.4083173137347778
1e3g_R18_A_1000,2aax,C[C@]12C=CC(=O)C=C1CC[C@@H]1[C@@H]2C(=O)C[C@@]2(C)[C@H]1CC[C@]2(O)/C([O-])=C/O,COMPLETED,1.4880412410279498,45.727113008499146,-7.180012976412626,0.40850899835620225,0.6210095735904618
1e3g_R18_A_1000,5cj6,Cc1c(N[C@@H]2CCC[C@@]2(C)O)ccc(C#N)c1Cl,COMPLETED,2.620859049264403,22.607903480529785,-8.043956833895347,0.14584690515284016,0.5070795123063592
1e3g_R18_A_1000,8e1a,COc1c(F)cccc1-c1csc(N2CCOCC2)n1,COMPLETED,6.871266208312702,39.98876738548279,-6.479460020199605,0.06638207868216964,0.42144812754500643
1e3g_R18_A_1000,5vo4,Cn1c(C#N)ccc1-c1ccc(O)cc1F,COMPLETED,6.096261038794598,20.403039932250977,-7.800488087338394,0.11091658325201746,0.45581441284980123
1e3g_R18_A_1000,1gs4,C[C@]12CCC(=O)C=C1CC[C@H]1[C@@H]3CC[C@](O)(C(=O)CO)[C@@]3(C)C[C@H](O)[C@@]12F,COMPLETED,1.4473313121179399,28.440292835235596,-8.32520997683085,0.3304391398104853,0.6178748269789262
1e3g_R18_A_1000,5t8j,Cc1c(N2CC[C@](C)(O)[C@@H]2C)ccc(C#N)c1F,COMPLETED,2.8354729112716908,36.613916873931885,-7.578865799292026,0.25644512695506205,0.7261813345836541
1e3g_R18_A_1000,3d90,C#C[C@]1(O)CC[C@H]2[C@@H]3CCC4=CC(=O)CC[C@@H]4[C@H]3CC[C@@]21CC,COMPLETED,1.1674940323839662,25.769333600997925,-11.122331720226267,0.4296785676047969,0.7511169378028213
1e3g_R18_A_1000,5t8e,Cc1c(N2CC[C@H](O)[C@@H]2C)ccc(C#N)c1Cl,COMPLETED,2.237953685716432,22.54125165939331,-7.120895179703303,0.2981220652021508,0.6504039396270459
1e3g_R18_A_1000,4zn7,CC/C(=C(/CC)c1ccc(O)cc1)c1ccc(O)cc1,COMPLETED,2.4612799487258656,20.722705125808716,-7.8800242022831295,0.22263027559084164,0.4887411953894888
1e3g_R18_A_1000,2a3i,C[C@]12C[C@H](O)[C@H]3[C@@H](CCC4=CC(=O)CC[C@@]43C)[C@@H]1CC[C@@H]2C(=O)CO,COMPLETED,1.2638948733181887,28.17848563194275,-7.589613249351461,0.2125421135306961,0.5429541883769781
1e3g_R18_A_1000,2amb,CC[C@]1(O)CC[C@H]2[C@@H]3CCC4=CC(=O)CCC4=C3C=C[C@@]21CC,COMPLETED,0.6218832188008345,26.113796710968018,-11.068515453409198,0.6122235450916226,0.7963251617646679
1e3g_R18_A_1000,3g0w,Cc1c(/N=C2\O[C@@H](C(F)(F)F)[C@@H]3[C@@H](O)CCN23)ccc(C#N)c1Cl,COMPLETED,4.686494021031785,43.38758158683777,-0.35916780637653645,0.03418851074564833,0.18098249442256117
1e3g_R18_A_1000,4ql8,CO[C@@H]1C(c2ccc(C#N)c(Cl)c2C)=NN2CC[C@H](O)[C@@H]12,COMPLETED,0.6507519935757841,24.87514567375183,-8.86500054506833,0.30636724934609344,0.5370134742594006
1e3g_R18_A_1000,2ihq,N#Cc1ccc(N2C(=O)[C@@H]3[C@H](O)CCN3C2=O)c2ccccc12,COMPLETED,3.3490667175641113,28.17733597755432,-5.965037993694216,0.0904155682678308,0.45187489573040324
1e3g_R18_A_1000,2nw4,Cc1c(N2C(=O)[C@@H]3[C@H](O)CCN3C2=O)ccc(C#N)c1Cl,COMPLETED,6.314441140674892,39.82034087181091,-6.616605550526228,0.09281690333367133,0.5101001349192845
1e3g_R18_A_1000,2hvc,O=c1cc(C(F)(F)F)c2cc(N(CC(F)(F)F)CC(F)(F)F)ccc2[nH]1,COMPLETED,3.4587622200723778,29.86325979232788,-9.02204864367765,0.05889168437666079,0.3618148839606994
1e3g_R18_A_1000,5v8q,CC[C@H]1[C@@H](O)CC(=O)N1c1ccc(C#N)c(C(F)(F)F)c1,COMPLETED,0.6660841002241599,26.739608764648438,-8.073607729950531,0.21097015327325983,0.5411690209460464
3f9m_MRK_A_501,3fr0,Cc1csc(NC(=O)c2cc(Sc3nncn3C)ccc2N)n1,COMPLETED,0.38628412948974766,21.14646339416504,-9.14459649789312,0.650991609892533,0.8360161138920513
3f9m_MRK_A_501,4mle,Cc1csc(Nc2ncccc2OCc2ccccc2)n1,COMPLETED,7.117808065020873,20.464177131652832,-8.532030931297008,0.1281534767476812,0.4508826314720404
3f9m_MRK_A_501,6e0e,Cc1csc(Nc2ncccc2Oc2ccccc2C#N)n1,COMPLETED,2.6247575755590353,18.29859471321106,-7.481271312083132,0.14919358753086034,0.35643800507740386
3f9m_MRK_A_501,3goi,CNc1ccc(Sc2nncn2C)cc1C(=O)Nc1nc(C)cs1,COMPLETED,0.8144687143571976,21.834073543548584,-8.428186653518228,0.5925944098960959,0.7756693941550555
3f9m_MRK_A_501,4mlh,Cc1cnc(Nc2nc(C)cs2)c(OCc2ccccc2)c1,COMPLETED,7.033807957416679,21.15713620185852,-7.775317839520786,0.12261029432895032,0.45031674482520906
3f9m_MRK_A_501,3a0i,Cc1csc(NC(=O)c2nc(Sc3nncn3C)ccc2Sc2ccc(F)cc2)n1,COMPLETED,2.172551385966893,24.648173332214355,-4.933153772171092,0.2535388113130188,0.6046620811855529
3lan_KBT_A_561,2be2,Cc1cc(C)cc(Oc2c(CSCc3ccco3)c(C)[nH]c(=O)c2I)c1,COMPLETED,0.7437111145620166,25.028458833694458,-8.692148136932465,0.33813248412654096,0.5490408189116248
3lan_KBT_A_561,2yng,N#Cc1cc(Cl)cc(Oc2c(Br)ccc(CNC(=O)c3[nH]c(N)nc3Cl)c2F)c1,COMPLETED,2.5178021774610464,26.512423276901245,-6.0680211968402284,0.03638299487966324,0.2920735324771877
3lan_KBT_A_561,5tuq,CC(C)c1c(CC2CCCCC2)n(COCc2ccccc2)c(=O)n([O-])c1=O,COMPLETED,1.0916980595449852,27.927057027816772,-8.807902550484515,0.20282432171758055,0.48935993397281896
3lan_KBT_A_561,2yni,N#Cc1cc(Cl)cc(Oc2c(Cl)ccc(CNC(=O)c3[nH]cnc3Cl)c2F)c1,COMPLETED,5.1910406610813595,26.579105615615845,-6.963647389357593,0.1056685631111184,0.3665133450901506
3lan_KBT_A_561,3drp,N#Cc1cc(Cl)cc(Oc2cc(OCc3n[nH]c4nc(N)ccc34)ccc2Cl)c1,COMPLETED,4.093467578623455,29.182559490203857,-6.041546578194513,0.13468523126761262,0.3353462439799769
3lan_KBT_A_561,4we1,N#Cc1ccc2c(Oc3ccccc3OCCn3ccc(=O)[nH]c3=O)cccc2c1,COMPLETED,2.880756428903122,29.16890549659729,-6.061520797418623,0.13225842349937988,0.3879860646449057
3lan_KBT_A_561,3t19,[NH3+]Cc1cc(Cl)cc(Oc2c(Cl)ccc3c2nnn3Cc2[nH]nc3ncccc23)c1Cl,COMPLETED,4.251639720306781,48.97751450538635,-0.8143296003996197,0.07546220167935884,0.23065934290264845
3lan_KBT_A_561,3lam,CCCn1c(C(=O)c2cc(C)cc(C#N)c2)c(C(C)C)c(=O)[nH]c1=O,COMPLETED,0.4425688222186466,24.106002807617188,-10.215736143661054,0.7759588445652157,0.848134949384529
3lan_KBT_A_561,4ncg,Cn1c(Cn2ccc(C(F)(F)F)c(Oc3cc(Cl)cc(C#N)c3)c2=O)n[nH]c1=O,COMPLETED,0.738789507141289,28.13771891593933,-10.37665202215102,0.18639445901904791,0.4943365141769625
3lan_KBT_A_561,3lak,Cc1cc(C#N)cc(C(=O)c2c(C(C)C)c(=O)[nH]c(=O)n2Cc2cc(N)nc(F)c2)c1,COMPLETED,1.6077234465682089,29.373985290527344,-12.25821354606752,0.6888850422710749,0.7525021375254066
3lan_KBT_A_561,3lal,CCn1c(C(=O)c2cc(C)cc(C#N)c2)c(C(C)C)c(=O)[nH]c1=O,COMPLETED,0.5208305726593505,22.813122749328613,-10.020097967258357,0.6995428504540603,0.7740145870585866
3lan_KBT_A_561,8u6c,N#Cc1cc(Cl)cc(Oc2cc(CCNC(=O)CCl)ccc2Cl)c1,COMPLETED,1.4279889895117073,24.446823835372925,-9.272952154337037,0.2395925063718481,0.632728140090809
3lan_KBT_A_561,3dya,N#Cc1cc(Cl)cc(Oc2c(Br)ccc(Cc3n[nH]c4nnccc34)c2F)c1,COMPLETED,5.152568401396669,27.48573875427246,1.3922599459943303,0.1181761089622924,0.2409997204646777
3lan_KBT_A_561,1rt2,CC(C)c1c(Cc2ccccc2)n(COCc2ccccc2)c(=O)[nH]c1=O,COMPLETED,0.4592881545270777,26.32841920852661,-10.126198134334016,0.31812703834053374,0.5097665844217265
3lan_KBT_A_561,8u6q,N#Cc1cc2c(Oc3ccccc3OCCC(=O)N3CCCC3)cccn2c1,COMPLETED,5.642243040765917,27.485939264297485,-7.6891386243950315,0.06320155782892632,0.39905261181262275
3lan_KBT_A_561,3tam,Cc1ccn(Cc2[nH]nc3ncccc23)c(=O)c1Oc1cc(Cl)cc(C#N)c1,COMPLETED,0.9483731137359084,27.545397520065308,-10.827104659590859,0.20037716619593343,0.497559286175558
3lan_KBT_A_561,8u6e,C=CC(=O)N(C)CCc1ccc(Cl)c(Oc2cc(Cl)cc(C#N)c2)c1,COMPLETED,1.2878156875888722,25.57081890106201,-9.740213013145542,0.25219584180315746,0.5935863889025487
3lan_KBT_A_561,8u6b,C=CC(=O)NCCc1ccc(Cl)c(Oc2cc(Cl)cc(C#N)c2)c1,COMPLETED,1.0957390059529077,28.41182827949524,-9.589694759838109,0.2926099385691953,0.6405135812709132
3lan_KBT_A_561,8u6p,CN(C)C(=O)CCOc1ccccc1Oc1cccn2cc(C#N)cc12,COMPLETED,4.153327525379731,26.380188941955566,-8.176750142265332,0.04923651479006856,0.4413336370129283
3lan_KBT_A_561,1c1b,CCOCn1c(Cc2cc(C)cc(C)c2)c(C(C)C)c(=O)[nH]c1=O,COMPLETED,0.5443542014779227,23.476184368133545,-10.656240974261745,0.6404888228337489,0.8646971411907787
3lan_KBT_A_561,1c1c,CCOCn1c(SC2CCCCC2)c(C(C)C)c(=O)[nH]c1=O,COMPLETED,0.6307482767605184,22.390860557556152,-9.368622666723429,0.5020733127386313,0.7235720245418626
3lan_KBT_A_561,2jle,Cc1n[nH]c2ccc(F)c(Oc3cc(C#N)cc(C#N)c3)c12,COMPLETED,0.7176066949495132,22.52009415626526,-9.460045152773034,0.2312133958509392,0.5892074949646084
3lan_KBT_A_561,7slr,Cc1c(C#N)cc(C(F)F)cc1Oc1c(C(F)(F)C(F)F)ncn(Cc2cc(F)c[nH]c2=O)c1=O,COMPLETED,1.7088671061763197,33.43713974952698,-4.418997538118092,0.15418565808463433,0.41993568067686354
3lan_KBT_A_561,2b5j,CCc1c(C)[nH]c(=O)c(I)c1Oc1cccc(/C=C/C#N)c1,COMPLETED,2.972994870802535,23.091552257537842,-9.661296045973575,0.2759564431642731,0.5307900963037082
3lan_KBT_A_561,7sls,CC1=NC(=O)C(F)=C[C@@H]1Cn1cnc(C(F)(F)C(F)F)c(Oc2cc(C(F)F)cc(C#N)c2C)c1=O,COMPLETED,2.27664888755869,35.69164061546326,-2.4211837140120513,0.11628271054603809,0.39402502042796117
3lan_KBT_A_561,1tl3,CC(C)c1c(OC2CCCCC2)c2cc(Cl)ccc2[nH]c1=O,COMPLETED,1.2732989367280285,24.53344178199768,-10.794053203408104,0.13992647502289426,0.418695818447625
3lan_KBT_A_561,1rt1,CCOCn1c(Cc2ccccc2)c(C(C)C)c(=O)[nH]c1=O,COMPLETED,0.6097569948161911,24.1993305683136,-9.680407317015634,0.5568586780973791,0.775371110145621
3lan_KBT_A_561,2won,CCc1nn(CCO)c(CC)c1Oc1cc(C#N)cc(C#N)c1,COMPLETED,0.9263797326854875,22.455243825912476,-7.934426738763496,0.29241790942148327,0.5712925067610541
3lan_KBT_A_561,8u6o,N#Cc1ccc2c(Oc3ccccc3OCCC(=O)N3CCCC3)cccc2c1,COMPLETED,1.7250823507579431,28.844895839691162,-10.449782121789855,0.1272478293794126,0.470651223717118
1kvo_OAP_A_190,1j1a,O=C([O-])CC[C@@H](Cc1ccc(OCc2ccccc2)cc1)NC(=O)CCCCCCc1ccccc1,COMPLETED,1.2289629260523327,32.642528772354126,-8.828345114367625,0.43486054750970105,0.6329484468757013
1kvo_OAP_A_190,1kqu,O=C([O-])CC[C@@H](CCc1ccccc1)NC(=O)CCCCCCc1ccccc1,COMPLETED,0.9079126604280375,27.237296104431152,-8.099580411493912,0.3486035706526479,0.5299287432302043
3lpb_NVB_A_1133,6vni,Cc1cnc(Nc2cc(F)c([C@H]3CC[N@H+](C)CC3)c(F)c2)nc1Nc1ccc(F)c(N2CCCS2(=O)=O)c1,COMPLETED,8.369937091067115,37.60917949676514,-8.277886574910433,0.067677448343436,0.31682301293994347
2rgp_HYZ_A_1,3w33,O=C(NCCO)C1=Cc2c(ncnc2Nc2ccc(Oc3cccc4sccc34)c(Cl)c2)NCC1,COMPLETED,1.841090804620224,38.14422059059143,-9.344636953494124,0.31392291817581813,0.5023244525200796
2rgp_HYZ_A_1,3bel,COCCO/N=C/c1c(N)ncnc1Nc1ccc2c(cnn2Cc2cccc(F)c2)c1,COMPLETED,0.5968827454994814,33.29491853713989,-9.373693392084974,0.7690786306527744,0.84005533815924
