batch_job_id,ligand_id,query_smiles,status,rmsd,time_elapsed,pharmaco_score,shape_score
2b1p_AIZ_A_501,7ksj,O=C(Nc1cnn(-c2csc(C(=O)NC3COC3)c2)c1)Nc1c(F)cccc1Cl,COMPLETED,0.6749460343689301,7.037079572677612,0.328052277631252,0.5520043205021955
2b1p_AIZ_A_501,4whz,O=C(Nc1cnn(-c2cccc(C(=O)Nc3cnn([C@H]4CC[NH2+]C4)c3)c2)c1)Nc1ccccc1Cl,COMPLETED,2.0478494637755276,9.951846361160278,0.21029731110020064,0.47424060333573487
2b1p_AIZ_A_501,4w4v,Cc1cc(NC(=O)c2cccc(-n3cc(NC(=O)Nc4ccccc4Cl)cn3)c2)ccn1,COMPLETED,1.8112961215659902,10.409378051757812,0.3289056217725805,0.6156440149528077
2b1p_AIZ_A_501,7ksi,Cc1sc(C(=O)NC2COC2)cc1-n1cc(NC(=O)Nc2c(F)cccc2Cl)cn1,COMPLETED,1.2273671386345646,9.930847644805908,0.25691842998666253,0.5180395786943739
1uy6_PU3_A_1224,7d22,CC(C)(C)c1cc(Cn2cnc3c(Cl)nc(N)nc32)on1,COMPLETED,2.5204619862806337,5.660995006561279,0.23231082158745983,0.31044475501462904
1uy6_PU3_A_1224,7d24,CC(C)(C)C1=NO[C@@H](Cn2cnc3c(Cl)nc(N)nc32)C1,COMPLETED,2.6103267987343033,5.382534980773926,0.24486686989711542,0.33257541841550087
1uy6_PU3_A_1224,2fwy,CC(C)[NH2+]CCCn1c(Sc2cc3c(cc2Br)OCO3)nc2c(N)ncnc21,COMPLETED,1.442573415685613,7.052567958831787,0.4343412361979465,0.4884529100917643
1uy6_PU3_A_1224,6lr9,CN(C)c1cc2c(cc1Sc1nc3c(N)nccc3n1CC[NH2+]CC(C)(C)C)OCO2,COMPLETED,1.965378742536131,7.404975175857544,0.32804961666269616,0.45885487028194083
1uy6_PU3_A_1224,1uyd,CCCCn1c(Cc2cc(OC)c(OC)c(OC)c2Cl)nc2c(N)ncnc21,COMPLETED,2.780916621817346,4.648484468460083,0.7406229315129353,0.7756867321465051
1uy6_PU3_A_1224,1uyc,CCCCn1c(Cc2cc(OC)ccc2OC)nc2c(N)ncnc21,COMPLETED,2.8097023193213904,4.62598991394043,0.6436665493780341,0.7518832696149705
1uy6_PU3_A_1224,6olx,C/C=C/Cn1c(Cc2cc(OC)c(OC)c(OC)c2)nc2c(N)ncnc21,COMPLETED,0.41881902836251206,4.374901533126831,0.9201557361412028,0.9042786451643398
1uy6_PU3_A_1224,4u93,COc1cccc(-c2cc(F)ccc2[C@H]2Cc3nc(N)nc(C)c3C(=O)N2)n1,COMPLETED,2.664251882330198,7.742922306060791,0.13408854577313423,0.316524715328916
1uy6_PU3_A_1224,3hz5,Cc1n[nH]c(-c2ccco2)c1CCCCN(C)c1ncnc2nc[nH]c12,COMPLETED,3.16323333923717,6.368282318115234,0.13724317319337004,0.4147393576588434
1uy6_PU3_A_1224,4xir,CCC[C@H]1Cc2c(C)c3c(n2-c2cc(Cl)c(C(N)=O)cc2O1)CC(C)(C)CC3=O,COMPLETED,6.112512236078296,10.757588386535645,0.11487182310051837,0.24957013308997722
1uy6_PU3_A_1224,7d26,Nc1nc(Cl)c2ncn(Cc3cnc(-c4ccccc4)o3)c2n1,COMPLETED,2.738830326585801,5.582576513290405,0.2129340709788713,0.3058623658981939
1uy6_PU3_A_1224,3ft8,Cc1nc(N)nc2c1/C(=N/O)C[C@@H](c1ccc(F)cc1-c1cccnc1)C2,COMPLETED,6.780860350252734,7.725549936294556,0.05803674679224818,0.2883437969679452
1uy6_PU3_A_1224,2fwz,CC(C)[NH2+]CCCn1c(Sc2cc3c(cc2I)OCO3)nc2c(N)ncnc21,COMPLETED,1.8202830920923103,6.698323488235474,0.3883851298370445,0.4627203793659479
1uy6_PU3_A_1224,1uyi,C#CCCCn1c(Cc2cc(OC)ccc2OC)nc2c(N)nc(F)nc21,COMPLETED,2.9720383350177055,4.665444374084473,0.6226116144040762,0.7216884229724867
1uy6_PU3_A_1224,1uy7,CCCCn1c(Cc2ccc(OC)cc2)nc2c(N)ncnc21,COMPLETED,0.861793820041006,3.8314225673675537,0.7052443496935982,0.7622599474396194
1uy6_PU3_A_1224,1uy9,CCCCn1c(Cc2ccc3c(c2)OCO3)nc2c(N)ncnc21,COMPLETED,1.000675905325995,3.863445281982422,0.6967756703211924,0.7463043364948109
1uy6_PU3_A_1224,1uyh,CCCCn1c(Cc2cc(OC)ccc2OC)nc2c(N)nc(F)nc21,COMPLETED,2.7505011055330373,3.31541109085083,0.5955203968548846,0.7504067760562829
1uy6_PU3_A_1224,1uyf,C#CCCCn1c(Cc2cc(OC)c(OC)c(OC)c2Cl)nc2c(N)nc(F)nc21,COMPLETED,2.7820730140191023,4.335415840148926,0.8027157055806986,0.8629452768686889
1uy6_PU3_A_1224,1uy8,CCCCn1c(Cc2cccc(OC)c2)nc2c(N)ncnc21,COMPLETED,2.318202674393509,3.4794762134552,0.7284022316288663,0.7967131897469948
1uy6_PU3_A_1224,5lr1,Cc1cnc(Cn2ccc3c(Cl)nc(N)nc32)c(C)c1Cl,COMPLETED,2.958886082472189,3.2401065826416016,0.1775943334287126,0.30853830570035723
1uy6_PU3_A_1224,2h55,CC(C)[NH2+]CCCn1c(Cc2cc3c(cc2I)OCO3)nc2c(N)nc(F)nc21,COMPLETED,1.8631457926924522,6.234279155731201,0.42057028062937774,0.5409751131785742
1uy6_PU3_A_1224,4xiq,Cc1c2c(n3c1CCOc1cc(C(N)=O)ccc1-3)CC(C)(C)CC2=O,COMPLETED,7.161107007244063,11.743911743164062,0.06571190749837441,0.23612320195640948
3biz_61E_A_576,3bi6,Cn1c2cc(C(=O)NCC[NH+]3CCCC3)c(O)cc2c2c3c(c(-c4ccccc4Cl)cc21)C(=O)NC3=O,COMPLETED,1.3652450059297838,6.307963132858276,0.7511773797304099,0.8283553507263839
3biz_61E_A_576,2io6,COc1ccccc1-c1cc2c(c3c1C(=O)NC3=O)c1cc(O)ccc1n2CCCO,COMPLETED,0.5296221641644107,12.457595825195312,0.47410098653449195,0.5955547567513805
3biz_61E_A_576,3cqe,Cn1c(C(=O)NCCO)c(Br)c2c3c(c(-c4ccccc4Cl)cc21)C(=O)NC3=O,COMPLETED,1.0149119965246518,5.317959785461426,0.40206829892596363,0.6026762487748752
3biz_61E_A_576,2z2w,O=CNc1ccc2[nH]c3cc(-c4ccccc4Cl)c4c(c3c2c1)C(=O)NC4=O,COMPLETED,0.8206621227051105,4.64429235458374,0.523478549636695,0.6441605333648965
3biz_61E_A_576,2in6,O=C([O-])CCn1c2ccc(O)cc2c2c3c(c(-c4ccccc4)cc21)C(=O)NC3=O,COMPLETED,1.3129874967670736,9.329160690307617,0.5500677873044286,0.6228353675311598
3biz_61E_A_576,3cr0,Cn1cc(CCO)c2c3c(c(-c4ccccc4Cl)cc21)C(=O)NC3=O,COMPLETED,0.5595317124167317,1.9919111728668213,0.6502845263630984,0.6708041753954671
3biz_61E_A_576,1x8b,O=C1NC(=O)c2c1c(-c1ccccc1)cc1[nH]c3ccc(O)cc3c21,COMPLETED,0.2784523499631487,3.6199705600738525,0.5679179906520977,0.6529975357083813
2aa2_AS4_A_201,1zuc,Cn1c(C#N)ccc1-c1ccc2c(c1)C(C)(C)OC(=S)N2,COMPLETED,2.365593406979072,5.471800327301025,0.04865274580535376,0.27543662354387527
2aa2_AS4_A_201,5mwy,COC(=O)[C@@H]1CC2=CC(=O)CC[C@]2(C)[C@@]23O[C@@H]2C[C@@]2(C)[C@@H](CC[C@@]24CCC(=O)O4)[C@H]13,COMPLETED,0.8585924287266152,12.372569799423218,0.24093428239400197,0.6336400875454252
2aa2_AS4_A_201,6w9k,C[C@]12C=CC(=O)C=C1CC[C@@H]1[C@@H]2[C@@H](O)C[C@@]2(C)[C@H]1CC[C@]2(O)C(=O)CO,COMPLETED,0.6152569997726416,3.8967201709747314,0.44947049700982566,0.7912516150171588
2aa2_AS4_A_201,6w9l,CC1=N[C@]2(C(=O)CO)[C@@H](C[C@H]3[C@@H]4CCC5=CC(=O)C=C[C@]5(C)[C@H]4[C@@H](O)C[C@@]32C)O1,COMPLETED,0.7670194571105784,13.013711929321289,0.40197597105288574,0.6798647754090076
2aa2_AS4_A_201,6w9m,C[C@@H]1C[C@@H]2[C@@H]3CCC4=CC(=O)C=C[C@]4(C)C3=CC[C@]2(C)[C@@]1(O)C(=O)CO,COMPLETED,0.6977763059010545,7.444201469421387,0.4666738036138767,0.6312533133815399
2aa2_AS4_A_201,2oax,CC(=O)S[C@@H]1CC2=CC(=O)CC[C@]2(C)[C@H]2CC[C@@]3(C)[C@@H](CC[C@@]34CCC(=O)O4)[C@H]12,COMPLETED,0.934009526459576,11.642951011657715,0.29912460947504027,0.6282580112313273
2aa2_AS4_A_201,2q1v,C[C@]12C=CC(=O)C=C1CC[C@@H]1[C@@H]2C(=O)C[C@@]2(C)[C@H]1CC[C@]2(O)/C([O-])=C/O,COMPLETED,0.3207760439693315,6.38728928565979,0.3760769308383587,0.7524737922950262
2aa2_AS4_A_201,1gs4,C[C@]12CCC(=O)C=C1CC[C@H]1[C@@H]3CC[C@](O)(C(=O)CO)[C@@]3(C)C[C@H](O)[C@@]12F,COMPLETED,1.0379183167389545,8.22062873840332,0.41354284999995955,0.8096328910773652
2aa2_AS4_A_201,5hcv,O=C1COc2ccc(/C=C3\c4ccccc4COc4cc(F)ccc43)cc2N1,COMPLETED,8.090844797053025,9.71797513961792,0.030773588969328657,0.22479284186652004
2aa2_AS4_A_201,2a3i,C[C@]12C[C@H](O)[C@H]3[C@@H](CCC4=CC(=O)CC[C@@]43C)[C@@H]1CC[C@@H]2C(=O)CO,COMPLETED,0.278170096883185,4.254217624664307,0.5336707712365125,0.8414362698481551
2aa2_AS4_A_201,2amb,CC[C@]1(O)CC[C@H]2[C@@H]3CCC4=CC(=O)CCC4=C3C=C[C@@]21CC,COMPLETED,1.436291190501787,6.0313191413879395,0.24143079910419002,0.5935410416661531
2aa2_AS4_A_201,4ql8,CO[C@@H]1C(c2ccc(C#N)c(Cl)c2C)=NN2CC[C@H](O)[C@@H]12,COMPLETED,2.370623788413183,5.407963275909424,0.06573877553917654,0.2852752911865233
2aa2_AS4_A_201,1xq3,C[C@]1(O)CC[C@H]2[C@@H]3CCC4=CC(=O)CCC4=C3C=C[C@@]21C,COMPLETED,1.1816867117649679,3.8707799911499023,0.24517809701616974,0.603630117847261
3qkl_SMR_A_1,3qkk,CCOCCN(C[C@@H](O)C[N@H+]1CCC[C@@]2(CC(=O)c3cc(O)ccc3O2)C1)S(=O)(=O)c1c(C)cccc1C,COMPLETED,0.6398397595451044,7.060205936431885,0.6871975385361672,0.8473593940805495
3qkl_SMR_A_1,3qkm,CCOCCN(C[C@@H](O)C[N@H+]1CCC[C@@]2(CCN(c3ncnc4ccccc34)C2)C1)S(=O)(=O)c1c(C)cccc1C,COMPLETED,0.9675659122944269,8.251643657684326,0.384660787375307,0.594660221920894
3eml_ZMA_A_401,5iu8,C[NH+]1CCN(CCNc2nc(N)n3nc(-c4ccco4)nc3n2)CC1,COMPLETED,0.736493232283909,2.2772650718688965,0.5777131249921423,0.8440028730187941
3eml_ZMA_A_401,5iua,Nc1nc(NCCC[NH+]2CCN(c3ccccc3)CC2)nc2nc(-c3ccco3)nn12,COMPLETED,2.597226108258454,6.961460113525391,0.5422540503910258,0.6104574958275333
3eml_ZMA_A_401,5iu7,Nc1nc(NCC[N@H+]2CC[C@H](c3ccccc3)CC2)nc2nc(-c3ccco3)nn12,COMPLETED,1.117744716232945,5.1260223388671875,0.5758737282085671,0.6738890103895652
3eml_ZMA_A_401,5iub,Nc1nc(NCCN2CCN(c3ccc(F)cc3F)CC2)nc2nc(-c3ccco3)nn12,COMPLETED,1.5661736209429338,5.767583131790161,0.5398167075867163,0.6879986647647054
3sff_0DI_A_378,7zzw,O=C([C@H]1C[C@@H](c2cccc(Cl)c2)CN1)N1CCN(c2nccc3ccsc23)CC1,COMPLETED,1.5942142851249803,7.128592252731323,0.202543761098685,0.6071229630692685
3sff_0DI_A_378,7zzu,N#Cc1cccnc1N1CCN(C(=O)[C@H]2C[C@@H](c3ccccc3)CN2)CC1,COMPLETED,2.2755211014101726,6.945432424545288,0.1534918092768297,0.5205372556685507
3sff_0DI_A_378,3sfh,[NH3+][C@H](Cc1ccc(Cl)cc1Cl)C(=O)N1Cc2ccccc2C1,COMPLETED,0.9778976819502319,5.5194268226623535,0.3323982524043047,0.5200719220863741
3d4q_SM5_A_1,7shv,OCCn1cc(-c2ccc3c(c2)CC/C3=N\O)c(-c2ccncc2)n1,COMPLETED,1.0753743749969116,3.537169933319092,0.620934680011109,0.7779542862958073
3d4q_SM5_A_1,3ppk,O=C(Nc1ccncn1)c1oc2cnccc2c1Nc1ccc2c(O)cccc2c1,COMPLETED,5.612579386045836,7.941883563995361,0.08852460254537581,0.3886126122624882
3d4q_SM5_A_1,3psb,CCOC(=O)c1sc2cnccc2c1Nc1ccc2c(c1)=CCC=2NO,COMPLETED,0.8829317266052653,5.797852993011475,0.25037547796598864,0.5722396983560502
3d4q_SM5_A_1,3ppj,COC(=O)c1oc2cnccc2c1N[C@@H]1C=CC2=C(NO)C=CC2=C1,COMPLETED,1.2759040346358343,3.2638683319091797,0.12442056780462281,0.48880557858322854
2ica_2IC_A_1,3m6f,CN1C(=O)N(c2cc(Cl)cc(Cl)c2)C(=O)[C@]12CN(c1ccc(C(=O)[O-])cn1)C[C@H]2c1ccc(C#N)cc1,COMPLETED,0.9113981162018147,12.010321378707886,0.6488314502314797,0.8182124334497062
3lbk_K23_A_1,4oq3,Cc1cccc(-c2nc(C(=O)[O-])c(-c3cccc(Cl)c3)n2-c2cc(Cl)ccc2C)c1,COMPLETED,4.343350903200585,11.862693548202515,0.009702432612648668,0.13391888576810831
3lbk_K23_A_1,5lav,CC(C)(C)CN1C[C@@H]([NH3+])[C@H](c2cccc(Cl)c2)[C@]12C(=O)Nc1cc(Cl)ccc12,COMPLETED,1.2372157038516536,10.372238397598267,0.2295974596500978,0.453144771549486
3lbk_K23_A_1,1t4e,O=C([O-])[C@H](c1ccc(Cl)cc1)N1C(=O)c2cc(I)ccc2NC(=O)[C@@H]1c1ccc(Cl)cc1,COMPLETED,4.2321259923722145,10.030271530151367,0.16993699821492406,0.39439520708258535
3bqd_DAY_A_301,6w9l,CC1=N[C@]2(C(=O)CO)[C@@H](C[C@H]3[C@@H]4CCC5=CC(=O)C=C[C@]5(C)[C@H]4[C@@H](O)C[C@@]32C)O1,COMPLETED,0.731922721095043,12.75953221321106,0.42743423667721764,0.5365984105285783
3bqd_DAY_A_301,6w9m,C[C@@H]1C[C@@H]2[C@@H]3CCC4=CC(=O)C=C[C@]4(C)C3=CC[C@]2(C)[C@@]1(O)C(=O)CO,COMPLETED,0.6784826410681187,6.187987327575684,0.47472731539318774,0.5359639229742619
3bqd_DAY_A_301,5nfp,CCC[C@@H]1O[C@@H]2C[C@H]3[C@@H]4CCC5=CC(=O)C=C[C@]5(C)[C@H]4[C@@H](O)C[C@]3(C)[C@]2(C(=O)CO)O1,COMPLETED,1.0103143522303246,13.646283626556396,0.4219000946203311,0.5104945135979846
3bqd_DAY_A_301,7prv,C[C@@H]1C[C@H]2[C@@H]3C[C@H](F)C4=CC(=O)C=C[C@]4(C)[C@@]3(F)[C@@H](O)C[C@]2(C)[C@@]1(OC(=O)c1ccco1)C(=O)SCF,COMPLETED,0.7447088611248274,18.905396223068237,0.331886799607579,0.5007473821329392
3kba_WOW_A_1,1zuc,Cn1c(C#N)ccc1-c1ccc2c(c1)C(C)(C)OC(=S)N2,COMPLETED,2.6125435253608242,7.846943616867065,0.13123502183189617,0.39129629509018743
3kba_WOW_A_1,3hq5,C[N@H+]1CC[C@H](N(Cc2ccccc2C(F)(F)F)c2ccc(C#N)c(Cl)c2)C1,COMPLETED,0.387691178646097,4.756691217422485,0.5128716622616859,0.8415489429474895
3kba_WOW_A_1,3g8o,C[C@@H](C(=O)N(C)C)N(CC(F)(F)F)c1ccc(C#N)c(C(F)(F)F)c1,COMPLETED,1.5836023728196422,4.702586650848389,0.28946058255844265,0.484146652224761
2i0e_PDS_A_901,8u37,CO[C@H]1CN(c2ccncc2NC(=O)c2nc(-c3ncccc3OC(F)(F)F)cnc2N)CC[C@@H]1[NH3+],COMPLETED,7.127779851534729,19.705173015594482,0.1043520938546928,0.24550027896586155
2i0e_PDS_A_901,2jed,C[N+]1=C/C(=C2\C(=O)NC(=O)\C2=C2\C3=[N+](CC[C@@H](C[NH+](C)C)C3)c3ccccc32)c2ccccc21,FAILED,,0.0,,
2i0e_PDS_A_901,8uak,CC1([NH3+])CCN(c2cccnc2NC(=O)c2nc(-c3ncccc3C(F)(F)F)cnc2N)CC1,COMPLETED,2.152051280208503,16.88688349723816,0.07424971824860274,0.2888100564741407
1xoi_288_A_862,2zb2,O=C(Nc1ccc([C@@H](O)CO)cc1)c1cc2cc(Cl)ccc2[nH]1,COMPLETED,1.3925337335700112,5.183805227279663,0.2864952651793646,0.5577244912471196
1xoi_288_A_862,2ieg,NC(=O)CN1C(=O)[C@@H](NC(=O)C2=CC3=C[C@@H](Cl)SC3=N2)Cc2ccccc21,COMPLETED,9.053846354818855,5.2214436531066895,0.06988120132156832,0.3465312683065361
3skc_BR2_A_801,5fd2,CN(C)S(=O)(=O)Nc1ccc(F)c(Nc2ncccc2-c2ncnc3nc[nH]c23)c1F,COMPLETED,2.757099729145033,7.139481067657471,0.28436287309250985,0.532974622161446
3skc_BR2_A_801,4xv1,CCN(C)S(=O)(=O)Nc1ccc(F)c(C(=O)c2c[nH]c3ncc(-c4cnc(C5CC5)nc4)cc23)c1F,COMPLETED,0.914376529846066,10.629690885543823,0.39624165253262583,0.5732990764940518
3skc_BR2_A_801,4pp7,CCCS(=O)(=O)Nc1ccc(F)c(N(C)c2ccc3ncn(C)c(=O)c3c2)c1F,COMPLETED,0.7318714372686335,4.687107086181641,0.3993010588449177,0.5949682438922093
3skc_BR2_A_801,4ehg,CCCS(=O)(=O)Nc1ccc(F)c(NC(=O)Nc2cc(NCCO)ncn2)c1F,COMPLETED,0.9305557455183657,4.991242408752441,0.34488699241272747,0.6048811852450351
3skc_BR2_A_801,5ita,CCCS(=O)(=O)[N-]c1cccc(Nc2ccc3ncn(C)c(=O)c3c2)c1C#N,COMPLETED,0.7124670443506245,5.718154668807983,0.1585002902354181,0.5692022308293119
3skc_BR2_A_801,4e4x,CCCS(=O)(=O)Nc1ccc(F)c(-c2cc3cnc(NCCCO)nc3n(C)c2=O)c1F,COMPLETED,1.0333144694682737,7.910526752471924,0.3479819458825549,0.5934392967606053
3skc_BR2_A_801,3tv4,CCCS(=O)(=O)Nc1ccc(F)c(C(=O)Nc2cnc(N)c(Br)c2)c1F,COMPLETED,0.6275690660734548,4.951398849487305,0.5193324726767935,0.6689742015667215
3kl6_443_A_1,2vwo,O=C(CN1C[C@H](NC(=O)c2ccc(Cl)s2)[C@@H](F)C1)Nc1ccc(-n2ccccc2=O)cc1F,COMPLETED,1.9484614625157697,8.424418926239014,0.08367259825662772,0.47697169627484876
3kl6_443_A_1,4y79,C[C@@H](C(=O)N1CCOCC1)N1CC[C@H](NS(=O)(=O)/C=C/c2ccc(Cl)cc2)C1=O,COMPLETED,0.8618690783847985,7.320276498794556,0.24799293969184177,0.5565313916113599
3kl6_443_A_1,1iqh,O=C1CN(S(=O)(=O)c2ccc3cc(Cl)ccc3c2)CCN1CC1(CO)CCN(c2ccncc2)CC1,COMPLETED,1.5956198740614884,6.841349363327026,0.35991460130614156,0.5802770521732336
3kl6_443_A_1,4zh8,CCC(=O)CN([C@H]1C=CN([C@@H](C)C(=O)N2CCOCC2)C1=O)S(=O)(=O)c1ccc2cc(Cl)ccc2c1,COMPLETED,2.5691916170807065,11.857239246368408,0.3360776095375119,0.5672908017903153
3kl6_443_A_1,4y76,C[C@@H](C(=O)N1CCC[N@@H+](C)CC1)N1CC[C@H](N(CC(N)=O)S(=O)(=O)c2ccc3cc(Cl)ccc3c2)C1=O,COMPLETED,2.0369394218061836,12.451590776443481,0.3336968006812515,0.5496751297623613
3kl6_443_A_1,4y71,C[C@@H](C(=O)N1CCC(=O)N(C)CC1)N1CC[C@H](NS(=O)(=O)c2ccc3cc(Cl)ccc3c2)C1=O,COMPLETED,1.9966403500262486,10.707724571228027,0.3999278238425377,0.6235073933530139
3kl6_443_A_1,2vwn,O=C(CN1C[C@H](NC(=O)c2ccc(Cl)s2)[C@@H](O)C1)Nc1ccc(-n2ccccc2=O)cc1F,COMPLETED,1.857237879135834,10.5630521774292,0.07832371975883827,0.48221589630387485
3kl6_443_A_1,1iqn,O=C([C@H]1CN(S(=O)(=O)c2ccc3cc(Cl)ccc3c2)CC(=O)N1CC1CCN(c2ccncc2)CC1)N1CCOCC1,COMPLETED,1.5577858223559915,11.331714868545532,0.33915805135119537,0.5102188085205556
3kl6_443_A_1,4y7a,C[C@@H](C(=O)N1CCC[C@H]([NH3+])C1)N1CC[C@H](NS(=O)(=O)c2ccc3cc(Cl)ccc3c2)C1=O,COMPLETED,1.832204924827597,8.856114625930786,0.3640905798172461,0.6298330318463956
3kl6_443_A_1,1iqi,O=C([O-])[C@@H]1CN(S(=O)(=O)c2ccc3cc(Cl)ccc3c2)CCN1CC1CCN(c2ccncc2)CC1,COMPLETED,1.9632213789529127,8.624003410339355,0.3264814835947438,0.5482553128707758
3kl6_443_A_1,1iqg,O=C1CN(S(=O)(=O)c2ccc3cc(Cl)ccc3c2)CCN1CC1(/C=N/O)CCN(c2ccncc2)CC1,COMPLETED,1.386109657726705,8.503833532333374,0.3391280131417737,0.6071443788606349
3kl6_443_A_1,1ioe,COC[C@@]12CN(S(=O)(=O)c3ccc4cc(Cl)ccc4c3)CC(=O)N1CC1(CCN(c3ccncc3)CC1)O2,COMPLETED,1.4620828410902464,11.723421096801758,0.3464953159135564,0.5416194310894427
3kl6_443_A_1,2d1j,O=C(c1cc2c(ccc[n+]2[O-])s1)N1CCN(S(=O)(=O)c2cc3cc(Cl)ccc3[nH]2)CC1,COMPLETED,4.263679373347588,9.94456434249878,0.2325919470202517,0.33484522812555106
3kl6_443_A_1,2j4i,CC(C)N(CCNS(C)(=O)=O)C(=O)[C@H](C)N1CC[C@H](NS(=O)(=O)c2ccc3cc(Cl)ccc3c2)C1=O,COMPLETED,3.114751384407216,12.10310959815979,0.37132530619058807,0.5861202098058205
3kl6_443_A_1,2uwo,C/C(=C\S(=O)(=O)N[C@H]1CCN([C@@H](C)C(=O)N2CCOCC2)C1=O)c1ccc(Cl)s1,COMPLETED,1.6661713423501694,7.857125282287598,0.15290039306609493,0.4522588509045592
3kl6_443_A_1,2y80,C[NH+](C)[C@@H]1CCc2cc(N3CC[C@H](NS(=O)(=O)c4ccc5cc(Cl)ccc5c4)C3=O)ccc21,COMPLETED,1.8572520943098116,7.612266540527344,0.36395113739156126,0.5109756518532583
3kl6_443_A_1,2j38,C[C@@H](C(=O)N1CCOCC1)N1CC[C@H](NS(=O)(=O)c2cc3cc(Cl)ccc3s2)C1=O,COMPLETED,1.1451652816660718,9.51024866104126,0.19936898886594143,0.49342414354504605
3kl6_443_A_1,1j17,O=C(C1CCN(c2ccncc2)CC1)N1CCN(S(=O)(=O)c2ccc3cc(Cl)ccc3c2)CC1,COMPLETED,4.074618608279942,10.749882459640503,0.3055100651112062,0.4207444367159688
3kl6_443_A_1,1nfw,O=C1CN(S(=O)(=O)/C=C/c2ccc(Cl)s2)CCN1Cc1cc2cnccc2[nH]1,COMPLETED,1.8797361328882611,7.270752429962158,0.1758044113322674,0.4858261578336848
3kl6_443_A_1,2vvv,O=C(Cn1cnc(NC(=O)c2ccc(Cl)s2)n1)Nc1ccc(-n2ccccc2=O)cc1F,COMPLETED,1.4083044164437604,7.898239850997925,0.15169256171025294,0.5021931211698171
3kl6_443_A_1,2vvc,CO[C@H]1CN(CC(=O)Nc2ccc(-n3ccccc3=O)cc2F)C[C@@H]1NC(=O)c1ccc(Cl)s1,COMPLETED,1.954178080346283,9.406647205352783,0.06265451612147603,0.5213497585454452
3kl6_443_A_1,3sw2,O=C(CN1CCC[C@H](NS(=O)(=O)c2ccc3cc(Cl)ccc3c2)C1=O)N1C[C@@H]2C[C@H](C1)c1cccc(=O)n1C2,COMPLETED,2.593696169907893,36.75407958030701,0.34877163126789434,0.4990905980449095
3kl6_443_A_1,2p95,O=C(N[C@H]1CCC[C@H]1NC(=O)c1ccc(Cl)s1)c1ccc(-n2ccccc2=O)cc1,COMPLETED,1.494100954308867,10.023709058761597,0.14955958246548762,0.4854990254325441
3kl6_443_A_1,2p93,O=C(NCCNC(=O)c1ccc(Cl)s1)c1ccc(-n2ccccc2=O)cc1,COMPLETED,1.1658610324721541,5.170901536941528,0.14236022497135856,0.5656854646997326
3kl6_443_A_1,2p94,O=C(N[C@H]1CCCC[C@H]1NC(=O)c1ccc2c(Cl)c[nH]c2c1)c1ccc(-n2ccccc2=O)cc1,COMPLETED,1.903421236540742,13.704238891601562,0.12179620534524395,0.533719201727046
3kl6_443_A_1,1iql,O=C1CN(S(=O)(=O)/C=C/c2ccc(Cl)cc2)CCN1CC1CCN(c2ccncc2)CC1,COMPLETED,1.0692775556129008,9.39932894706726,0.27063268592131545,0.540005019743068
3kl6_443_A_1,2pr3,CO[C@@H]1C[C@H](C(=O)Nc2ccc(-c3ccccc3S(C)(=O)=O)cc2F)N(C(=O)Nc2ccc(Cl)cc2)C1,COMPLETED,2.1091709982193785,11.208184480667114,0.11420925816081902,0.46764361362645174
3kl6_443_A_1,1iqk,O=C1CN(S(=O)(=O)c2ccc3cc(Cl)ccc3c2)CCN1CC1CCN(c2ccncc2)CC1,COMPLETED,1.1384776805531354,10.869811296463013,0.4087621537300123,0.645104051589187
3kl6_443_A_1,2vwl,O=C(CN1C[C@H](NC(=O)c2ccc(Cl)s2)C[C@H]1CO)Nc1ccc(-n2ccccc2=O)cc1F,COMPLETED,2.7299118833010407,9.19057011604309,0.04472358408079642,0.4313358930846461
3kl6_443_A_1,4y7b,C[NH2+]CCN1C[C@H]2C[C@@H](C1)CN(C(=O)[C@H](C)N1CC[C@H](NS(=O)(=O)c3ccc4cc(Cl)ccc4c3)C1=O)C2,COMPLETED,1.9747406757797201,15.618513345718384,0.3306322877882367,0.5208151271996364
3kl6_443_A_1,2j2u,C[C@@H](C(=O)N1CCOCC1)N1CC[C@H](NS(=O)(=O)c2cc3cc(Cl)ccc3[nH]2)C1=O,COMPLETED,1.1462962063387747,8.11032772064209,0.21675812864216956,0.5281717941689968
3kl6_443_A_1,2uwl,C[C@@H](C(=O)N1CCOCC1)N1CC[C@H](NS(=O)(=O)/C=C/c2ccc(Cl)s2)C1=O,COMPLETED,1.1886963717811687,10.011133909225464,0.08241016716010748,0.44744798768716343
3kl6_443_A_1,5vof,O=C(NC[C@H]1CN(c2ccc(N3CCOCC3=O)cc2)C(=O)O1)c1ccc(Cl)s1,COMPLETED,1.283065197365144,8.09956431388855,0.1401139368052761,0.46083210372452466
3kl6_443_A_1,1wu1,O=C(c1ncc(-c2ccncc2)cn1)N1CCN(S(=O)(=O)c2cc3cc(Cl)ccc3[nH]2)CC1,COMPLETED,1.0116950594587941,12.190107345581055,0.24855735732737919,0.5655632555162089
3kl6_443_A_1,2uwp,C[C@@H](C(=O)N1CCOCC1)N1CC[C@H](NS(=O)(=O)CCc2ccc(Cl)s2)C1=O,COMPLETED,1.3983848477797522,7.027441501617432,0.05862927008426555,0.43365597859981847
3kl6_443_A_1,2j95,C[C@@H](C(=O)N1CCOCC1)N1CC[C@H](NS(=O)(=O)c2ccc(-c3ccc(Cl)s3)s2)C1=O,COMPLETED,1.2895605274165953,9.026565313339233,0.13454164868002869,0.47553649380823365
3kl6_443_A_1,2y7z,C[NH+](C)[C@H]1CCc2cc(N3CC[C@H](NS(=O)(=O)c4ccc5cc(Cl)ccc5c4)C3=O)ccc21,COMPLETED,1.9284538378051614,8.09445071220398,0.3283892596639011,0.4858705242847073
3kl6_443_A_1,2j34,C[C@@H](C(=O)N1CCOCC1)N1CC[C@H](NS(=O)(=O)c2cc3ccc(Cl)cc3s2)C1=O,COMPLETED,1.035659949661728,9.196475505828857,0.24536444578823066,0.5191213929628561
3kl6_443_A_1,2cji,C[C@@H](C(=O)N1CCOCC1)N1CC[C@H](NS(=O)(=O)c2ccc3cc(Cl)ccc3c2)C1=O,COMPLETED,0.963085651066572,8.179180145263672,0.35569747263767976,0.6111692923123687
3kl6_443_A_1,2j94,C[C@@H](C(=O)N1CCOCC1)N1CC[C@H](NS(=O)(=O)c2n[n-]c(-c3ccc(Cl)s3)n2)C1=O,COMPLETED,1.7491855689194697,9.075646162033081,0.158304015098439,0.4754567687081328
3kl6_443_A_1,2vvu,O=C(CN1CC[C@@H](NC(=O)c2ccc(Cl)s2)C1)Nc1ccc(-n2ccccc2=O)cc1F,COMPLETED,1.8687023330877235,9.001981258392334,0.09187303406815524,0.49656599479788177
2xch_CKG_A_1360,2io6,COc1ccccc1-c1cc2c(c3c1C(=O)NC3=O)c1cc(O)ccc1n2CCCO,COMPLETED,4.647122101625839,11.607558488845825,0.009102330884244206,0.2618137769919322
2xch_CKG_A_1360,2r7b,COc1cc2ncc3c(N)nc4c(C)c(N)ccc4c3c2cc1OC,COMPLETED,7.100970580026366,24.659117221832275,0.08252237847768785,0.19635912255523225
2xch_CKG_A_1360,2pe1,C[C@H](C1=c2cc(NC(N)=O)ccc2=NC1=O)c1ccc[nH]1,COMPLETED,5.79224753738009,3.3558003902435303,0.11507242218617215,0.3433119241780397
2xch_CKG_A_1360,2in6,O=C([O-])CCn1c2ccc(O)cc2c2c3c(c(-c4ccccc4)cc21)C(=O)NC3=O,COMPLETED,6.50792042306911,12.636484861373901,0.00045376051790470956,0.07452310751877524
2xch_CKG_A_1360,3ot8,Cc1cc(Nc2cc([C@@H]3CCC[NH2+]C3)nc3c(-c4cnn(C)c4)cnn23)sn1,COMPLETED,1.6366457255837106,7.152973175048828,0.11937121075465444,0.3416168650132556
1eve_E20_A_2001,5nap,COc1cc2c(cc1OC)C(=O)/C(=C/[C@H]1CC[N@H+](Cc3ccccc3)CC1)C2,COMPLETED,0.6063676463169838,3.272536277770996,0.9396813731305675,0.8791093112742473
1eve_E20_A_2001,7d9o,COc1cc2c(cc1OC)C(=O)[C@@H](C[C@]1(F)CC[N@@H+](Cc3ccc(F)cc3)CC1)C2,COMPLETED,0.9348694226111645,4.3816797733306885,0.685802754454273,0.7708334438746807
1eve_E20_A_2001,6ezg,COc1c(C(=O)CC[C@H]2CC[N@H+](Cc3ccccc3)CC2)cc(Cl)c2[nH]ccc12,COMPLETED,2.3210283718125075,7.161036491394043,0.420552116463612,0.6630577767361147
1eve_E20_A_2001,6tt0,COc1cc2cc(NC(=O)[C@@H]3CCC[C@H]([NH2+]Cc4ccccc4)C3)c(=O)oc2cc1OC,COMPLETED,5.3724310743019315,7.6322972774505615,0.1539958196591021,0.30041360482496776
1eve_E20_A_2001,6ezh,COc1c(C(=O)CC[C@H]2CC[N@H+](CC3CCCCC3)CC2)cc(Cl)c2[nH]ccc12,COMPLETED,0.908880081236775,4.837239027023315,0.3680538240458775,0.5979898347278884
1eve_E20_A_2001,7d9q,COc1cc2c(cc1OC)C(=O)[C@H](C[C@]1(F)CC[N@H+](Cc3cccc(F)c3)CC1)C2,COMPLETED,1.3672624990590998,5.497128963470459,0.7196683023815582,0.8579674180069699
1eve_E20_A_2001,7d9p,COc1cc2c(cc1OC)C(=O)[C@H](C[C@]1(F)CC[N@H+](Cc3ccccc3F)CC1)C2,COMPLETED,1.0842282155216831,6.798935413360596,0.734859543897716,0.9461466595397969
2e1w_FR6_A_1,1ndy,NC(=O)c1cn([C@@H](CO)CCc2cccc3ccccc23)cn1,COMPLETED,0.6611027888243294,3.1863632202148438,0.7967817201074423,0.8785914105199049
2e1w_FR6_A_1,1wxz,C[C@H](O)[C@@H](CCc1cccc2nc(-c3ccc(Cl)cc3)oc12)n1cnc(C(N)=O)c1,COMPLETED,0.476462273078013,7.067725896835327,0.6616784933603377,0.6710259453211302
2e1w_FR6_A_1,1v7a,C[C@H](O)[C@@H](CCOc1ccc2ccccc2c1)n1cnc(C(N)=O)c1,COMPLETED,0.6625276196506827,5.102449893951416,0.5835282082778926,0.662705521555627
1lru_BB2_A_501,1bsj,CCCC[C@H](OP(O)O)C(=O)N[C@@H](CC(C)C)C(=O)Nc1ccc([N+](=O)[O-])cc1,COMPLETED,1.815016457415649,6.70600700378418,0.20975644525636006,0.43748735408795886
2vwz_7X6_A_1889,4g2f,Cc1ccc(O)cc1-n1c(=O)c2c(c3c(N)ncnc31)CCCC2,COMPLETED,1.948434247137087,4.158890724182129,0.2363963258795301,0.4218985462892689
2vwz_7X6_A_1889,5mja,O=C(CCl)Nc1ccc2c(Nc3cc(O)ccc3Cl)ncnc2c1,COMPLETED,2.1777190439004444,2.884812831878662,0.2914195900448473,0.4830319243627745
2vwz_7X6_A_1889,4yjp,O=S1(=O)NCc2ccc(Nc3nccc(N(CCO)c4cccc5[nH]ncc45)n3)cc21,COMPLETED,2.0408742792908554,6.882051467895508,0.29787558966580807,0.6176826953996577
2vwz_7X6_A_1889,2vwy,CS(=O)(=O)c1cccc(Nc2nccc(Nc3c(Cl)ccc4c3OCO4)n2)c1,COMPLETED,0.22675599377808242,2.606783390045166,0.7474302368244605,0.8714175647818381
2vwz_7X6_A_1889,4yjs,O=S1(=O)NCc2ccc(Nc3nccc(N(CCCO)c4cccc5[nH]ncc45)n3)cc21,COMPLETED,1.9707983104093882,6.788894176483154,0.28405387352485795,0.6186135946053783
2vwz_7X6_A_1889,8bk0,O=C(Nc1ccccc1Cl)c1cnc2ccc(C3CC[NH2+]CC3)cn12,COMPLETED,2.0221983053103374,5.777015924453735,0.1645163817595417,0.4460214778604556
2vwz_7X6_A_1889,4p4c,COc1cccc(-n2c(N)c(C(N)=O)c3nc4ccccc4nc32)c1,COMPLETED,3.465478056603446,5.583621263504028,0.08276050846002192,0.13559620249571022
3m2w_L8I_A_1,3fyj,Cc1ccc(-c2ccc3c(ccc4sc5c(c43)NC[C@@H](C)NC5=O)n2)cn1,COMPLETED,1.2839513265263942,8.62766408920288,0.14367401195347987,0.4672009405990742
1zw5_ZOL_A_901,4dwb,CCCCC[NH2+]CC(P(=O)([O-])[O-])P(=O)([O-])[O-],COMPLETED,1.516884390576619,4.499976873397827,0.18296365834494246,0.46412250132617466
1zw5_ZOL_A_901,4kpd,O=P([O-])([O-])C(O)(Cc1cccnc1)P(=O)([O-])[O-],COMPLETED,0.7053431551171301,3.538618803024292,0.5220061982584466,0.7547488845113948
1zw5_ZOL_A_901,3icz,CC/C=C/c1ccc[n+](CC(P(=O)([O-])[O-])P(=O)([O-])[O-])c1,COMPLETED,4.335539239702485,3.9614315032958984,0.21028294147966275,0.4932221126939661
1zw5_ZOL_A_901,4ogu,[NH3+]CCC(O)(P(=O)([O-])[O-])P(=O)([O-])[O-],COMPLETED,0.788957714573231,1.4014842510223389,0.2681899011631997,0.5338158960624281
1zw5_ZOL_A_901,4dxj,CCC[NH2+]CC(P(=O)([O-])[O-])P(=O)([O-])[O-],COMPLETED,1.0752183655292669,1.4495704174041748,0.2637601824832813,0.6142241384751734
1q4x_G24_A_462,3imy,Cc1cc(OCC(=O)[O-])cc(C)c1Cc1ccc(O)c(C(C)C)c1,COMPLETED,0.4251102249221173,2.2503662109375,0.6823552401517983,0.7088374965016452
2vt4_P32_A_400,5a8e,Cc1ccc(OC[C@@H](O)C[NH2+]C(C)(C)C)c2cc(C#N)[nH]c12,COMPLETED,0.30890332409406646,2.900477409362793,0.6070505661238522,0.8425990411658206
2vt4_P32_A_400,2y04,CC(C)(C)[NH2+]C[C@H](O)c1ccc(O)c(CO)c1,COMPLETED,0.5483413959118797,3.1916298866271973,0.24700659797398375,0.6046846610067108
2vt4_P32_A_400,6ps4,Cc1ccc(OC[C@@H](O)[C@H](C)[NH2+]C(C)C)c2c1CCC2,COMPLETED,0.799360030899719,3.8230528831481934,0.6101483377091129,0.65685154984212
2vt4_P32_A_400,2ycz,CC(C)(C)[NH2+]C[C@H](O)COc1cccc2[nH]c(C#N)c(I)c12,COMPLETED,0.312632986248906,2.812481164932251,0.5726301510272467,0.8075420729030571
2vt4_P32_A_400,6ps1,CC(C)(C)[NH2+]C[C@H](O)COc1nsnc1N1CCOCC1,COMPLETED,0.8380412403194667,4.707744598388672,0.6167633290596388,0.6856216911799363
2zdt_46C_A_901,2gmx,CCOc1nc(NC(=O)Cc2cc(OC)c(Br)cc2OC)cc(N)c1C#N,COMPLETED,2.541358192792601,5.4038591384887695,0.11089562319036798,0.3713137651512911
2zdt_46C_A_901,2zdu,COC(=O)c1c(-c2ccccc2)c2cc(Br)ccc2c(=O)n1Cc1ccc(NC(=O)CCC(=O)[O-])cc1,COMPLETED,1.5231328334647576,14.96403431892395,0.5632885374565759,0.7681189803048687
3kk6_CEL_A_701,3n8x,CS(=O)(=O)Nc1ccc([N+](=O)[O-])cc1Oc1ccccc1,COMPLETED,4.782318740497572,4.992753028869629,0.03789717300195639,0.3893630259252971
3kk6_CEL_A_701,5kir,CS(=O)(=O)c1ccc(C2=C(c3ccccc3)C(=O)OC2)cc1,COMPLETED,0.8263872457873486,4.135930776596069,0.35180262027907444,0.7099680432809534
1a4g_ZMR_A_466,1b9s,CCC(CC)C(=O)Nc1cc(C(=O)[O-])ccc1NC(C)=O,COMPLETED,2.1298081383520153,3.40181303024292,0.07352180532947228,0.34525245038746055
1a4g_ZMR_A_466,5jyy,COCCNC(=O)O[C@@H]([C@@H]1OC(C(=O)[O-])=C[C@H](NC(N)=[NH2+])[C@H]1NC(C)=O)[C@H](O)CO,COMPLETED,1.0979015804403116,4.785722970962524,0.7228366350090623,0.7022712844373692
1a4g_ZMR_A_466,1f8e,CC(=O)N[C@H]1[C@H]([C@H](O)[C@H](O)C[NH3+])OC(C(=O)[O-])=C[C@@H]1[NH3+],COMPLETED,0.3178336577519755,3.2211084365844727,0.5169594487609265,0.7553586011892035
1a4g_ZMR_A_466,2qwi,CCCN(C)C(=O)[C@@H]1OC(C(=O)[O-])=C[C@H](NC(N)=[NH2+])[C@H]1NC(C)=O,COMPLETED,1.016023829075874,2.519066572189331,0.5612084090315651,0.7615499623923022
1a4g_ZMR_A_466,1f8c,CC(=O)N[C@H]1[C@H]([C@H](O)[C@H](O)CO)OC(C(=O)[O-])=C[C@@H]1[NH3+],COMPLETED,0.2946799755667146,1.6439151763916016,0.5943208597900486,0.8018951974566886
1a4g_ZMR_A_466,1inf,CC(=O)Nc1ccc(C(=O)[O-])cc1NC([NH3+])[NH3+],COMPLETED,3.3716985215170108,1.895766019821167,0.35310089882161183,0.48611098292360805
1a4g_ZMR_A_466,4mjv,[H]/N=C1/NC(=O)[C@@]2(C=C(C(=O)[O-])C[C@@H](OC(CC)CC)[C@@H]2NC(C)=O)S1,COMPLETED,1.137593540532619,5.671313285827637,0.26222281903632044,0.5799469179761103
1a4g_ZMR_A_466,4hzw,CO[C@@H]([C@@H]1OC(C(=O)[O-])=C[C@H](NC(N)=[NH2+])[C@H]1NC(C)=O)[C@H](O)CO,COMPLETED,0.24291162058795504,2.27255916595459,0.8268690497081554,0.8730313902440553
1a4g_ZMR_A_466,3k37,CCC(CC)[C@H](NC(C)=O)[C@@H]1[C@H](O)[C@@H](C(=O)[O-])C[C@H]1NC(N)=[NH2+],COMPLETED,0.8472834993441506,3.9198615550994873,0.21686827936453945,0.44272583324265574
1a4g_ZMR_A_466,2qwj,CCN(CC)C(=O)[C@@H]1OC(C(=O)[O-])=C[C@H]([NH3+])[C@H]1NC(C)=O,COMPLETED,1.1451841072612776,3.5143353939056396,0.2821713539030725,0.6196983497211626
1a4g_ZMR_A_466,1inv,CC(=O)N[C@H]1[C@H]([C@H](O)[C@H](O)CO)O[C@H](P(=O)([O-])[O-])C[C@@H]1O,COMPLETED,0.534501222770217,3.2103803157806396,0.5608813680419917,0.7463330284503195
1a4g_ZMR_A_466,1vcj,CCC(CC)Nc1cc(C(=O)[O-])ccc1N1C(=O)CC[C@@]1(C[NH3+])CO,COMPLETED,4.188812240146364,5.2393317222595215,0.09882049081429922,0.33411728021349635
1a4g_ZMR_A_466,1inw,CC(=O)N[C@H]1[C@H]([C@H](O)[C@H](O)CO)O[C@@H](P(=O)([O-])[O-])C[C@@H]1O,COMPLETED,0.64284462204738,3.1788551807403564,0.5043653957607113,0.7208659488868142
1a4g_ZMR_A_466,1xog,COC(=O)[C@@H]1C[C@H](C(=O)[O-])O[C@H]1[C@H](CC(C)C)NC(C)=O,COMPLETED,1.8390532915192037,2.9875502586364746,0.07634684430659586,0.38743184719134477
1a4g_ZMR_A_466,1ivb,CC(=O)Nc1c(O)cc(C(=O)[O-])cc1[N+](=O)[O-],COMPLETED,0.6269909348251709,1.5612211227416992,0.24972230483654073,0.4982163767777471
3ln1_CEL_A_682,3n8x,CS(=O)(=O)Nc1ccc([N+](=O)[O-])cc1Oc1ccccc1,COMPLETED,4.9071672416598,3.905937671661377,0.11897491788055371,0.3311453493929016
3ln1_CEL_A_682,3qmo,CS(=O)(=O)Nc1ccc([N+](=O)[O-])cc1OC1CCCCC1,COMPLETED,2.381698298833559,5.554456949234009,0.130584287684607,0.3240658654284867
3ln1_CEL_A_682,5kir,CS(=O)(=O)c1ccc(C2=C(c3ccccc3)C(=O)OC2)cc1,COMPLETED,0.8601068622825042,3.796184778213501,0.3483590567866003,0.7189866408277161
3ln1_CEL_A_682,6cox,NS(=O)(=O)c1ccc(-n2nc(C(F)(F)F)cc2-c2ccc(Br)cc2)cc1,COMPLETED,0.33007704403669086,3.190882682800293,0.9014532386985349,0.8918339515983356
1f0r_815_A_401,1f0s,O=C1[C@@H](NS(=O)(=O)c2cc3ncccc3s2)CCN1Cc1cc2ccncc2[nH]1,COMPLETED,0.39818645952835247,5.397372245788574,0.6695272493982689,0.8643556902151894
2qd9_LGF_A_361,6m95,COc1cc(SC)ccc1C(=O)N1CCC(Cc2ccccc2)CC1,COMPLETED,0.9078269075104571,2.858137607574463,0.27893865645229543,0.5358572359913683
2qd9_LGF_A_361,3zsh,C[C@@H]1CN(Cc2ccc(F)cc2)[C@@H](C)CN1C(=O)c1cc2c(C(=O)C(=O)N(C)C)cn(C)c2cc1Cl,COMPLETED,0.6474412103298133,10.316617488861084,0.3438431951377775,0.5842140889030477
2oi0_283_A_1,3b92,CC#CCOc1ccc(S(=O)(=O)CCCS)cc1,COMPLETED,0.6013576944437196,3.3895695209503174,0.8286606241755914,0.8147162857248968
2zec_11N_A_1,2zeb,CSc1sc(C(=O)N2CCC3(CC2)COc2ccc(C[NH3+])cc23)c2ccccc12,COMPLETED,2.1782237220045717,5.526571273803711,0.4748769865947349,0.5504259460603489
2zec_11N_A_1,3v7t,CCCOc1sc(C(=O)N2[C@@H]3CC[C@H]2C[C@H](c2cc(C[NH3+])ccc2F)C3)c(C)c1Br,COMPLETED,1.7563149645398637,7.98574161529541,0.30344663367845304,0.5228977715532797
2zec_11N_A_1,2za5,[NH3+]Cc1ccc2c(c1)C1(CCN(C(=O)c3ccc(C#Cc4ccccc4)o3)CC1)CO2,COMPLETED,1.9949058583172277,6.781793594360352,0.5187774399210551,0.5673302977107997
2zec_11N_A_1,2bm2,[NH3+]Cc1cccc(C2CCN(C(=O)c3cncc(CCc4ccccc4)c3)CC2)c1,COMPLETED,1.253724996427312,7.63756537437439,0.38724845268153624,0.49333952251232654
1s3b_RMA_A_601,2c65,C=C/C=[N+](\C)[C@@H]1CCc2c(OC(=O)N(C)CC)cccc21,COMPLETED,1.4632591254098626,2.823110342025757,0.3931683106668408,0.5559606439978418
1s3b_RMA_A_601,2c64,C=C/C=[N+](\C)[C@@H]1CCc2ccc(O)cc21,COMPLETED,0.4013728848174318,1.1730127334594727,0.4810829520605134,0.7749220692964928
1s3b_RMA_A_601,2c66,C=C/C=[NH+]/[C@@H]1CCc2c(O)cccc21,COMPLETED,0.7094239690461134,2.799118757247925,0.43106265990672465,0.7047634743504018
1s3b_RMA_A_601,5mrl,C/C=C/N(C)Cc1ccco1,COMPLETED,1.4901427000001155,1.1196002960205078,0.42283018246346743,0.5026994539643694
1s3b_RMA_A_601,1gos,C=C/C=[N+](\C)C[C@H]1CC=CCC1,COMPLETED,1.5716845135077206,1.8331608772277832,0.365460455739619,0.49811889821877114
1s3b_RMA_A_601,1s3e,C#CC[NH2+][C@@H]1CCc2ccc(O)cc21,COMPLETED,0.5845070896551586,2.687486171722412,0.5188289742590226,0.8223846570574541
1s3b_RMA_A_601,2vz2,C=C(C=[NH2+])CCc1ccc(F)cc1,COMPLETED,2.32829207442841,2.419835090637207,0.20261073381022157,0.5717147623053355
2gtk_208_A_1001,3fej,CCO[C@@H](Cc1ccc(OCc2csc(-c3ccc(Cl)cc3)n2)cc1C)C(=O)[O-],COMPLETED,1.7221331990216129,3.179471015930176,0.530091506135975,0.6961022229658409
3hmm_855_A_857,3kcf,COCc1cccc(-c2c(-c3ccc4nccnc4c3)n(C)n(C)c2=O)c1,COMPLETED,1.9542658396062322,5.867690563201904,0.12798194629405538,0.42661279513746725
3hmm_855_A_857,1py5,c1ccc(-c2n[nH]cc2-c2ccnc3ccccc23)nc1,COMPLETED,4.2863509556775785,5.436383247375488,0.20366797494206995,0.2789170071694574
3hmm_855_A_857,6b8y,Fc1cnccc1Nc1nc(-c2cccc(C(F)(F)F)n2)nc2[nH]ccc12,COMPLETED,0.39250773240791037,2.8034727573394775,0.75563746700128,0.879546500791884
3hmm_855_A_857,5qtz,Cc1cccc(-c2ncn(CC(F)F)c2-c2ccc3nccn3c2)n1,COMPLETED,0.910037157702915,5.2005884647369385,0.4116035729023347,0.6499052220652618
3hmm_855_A_857,1vjy,Cc1cccc(C2=C(c3ccc4ncccc4n3)CNN2)n1,COMPLETED,1.7937812075207347,3.6616594791412354,0.18398384115229405,0.5682641476674328
3hmm_855_A_857,3faa,CC(=O)Nc1nc(-c2ccc(F)c(C)n2)c(-c2ccc3nccnc3c2)[nH]1,COMPLETED,1.7872610016861414,4.1370697021484375,0.19512231926476492,0.6270077982213061
3hmm_855_A_857,1rw8,Cc1cccc(-c2nn3c(c2-c2ccc(F)cc2)CCC3)n1,COMPLETED,5.325458690018251,3.8882253170013428,0.1443008334839205,0.332332037896706
1w7x_413_H_1261,4yt6,[H]/N=C(\N)c1ccc(N[C@@H](c2nc(-c3ccccc3)c[nH]2)c2cc(OCC)cc(OC(C)C)c2F)cc1,COMPLETED,1.945093990155885,15.64137053489685,0.27967898928722223,0.4611724026285974
1w7x_413_H_1261,4yt7,[H]/N=C(\N)c1ccc(N[C@@H](c2nc(-c3ccccc3C(N)=O)c[nH]2)c2cc(OCC)cc(OC(C)C)c2F)cc1,COMPLETED,2.0635671757905047,21.166180849075317,0.19755658532514464,0.35364077366024577
1w7x_413_H_1261,4jyv,CCOc1cc([C@@H](Nc2ccc3cnccc3c2)C(=O)[N-]S(=O)(=O)c2cccc(S(N)(=O)=O)c2)ccc1OC(C)C,COMPLETED,0.6617438998769771,17.778767347335815,0.2456099575556442,0.4847729823781917
1w7x_413_H_1261,1w2k,COc1ccc([C@@H](Nc2ccc(C(N)=[NH2+])cc2)C(=O)NCc2ccccc2)cc1OC,COMPLETED,0.8492104475296739,5.109091758728027,0.7606306987758118,0.7433140702139825
1w7x_413_H_1261,4ng9,CCOc1cc([C@@H](Nc2ccc3c(N)nccc3c2)C(=O)NCc2cccc(S(N)(=O)=O)c2)ccc1OC(C)C,COMPLETED,2.4897577246591682,16.680099964141846,0.4243564143939234,0.5695759637954837
1w7x_413_H_1261,4nga,CCOc1cc([C@@H](Nc2ccc3c(N)nccc3c2)C(=O)NCc2ccccc2S(=O)(=O)C(C)C)ccc1OC(C)C,COMPLETED,1.4024640508082638,27.444220304489136,0.44215177597701727,0.5566645135809632
1w7x_413_H_1261,4zxy,Nc1nccc2cc(N[C@H]3C(=O)NCc4cccc(c4)NC(=O)CCCc4ccc3cc4)ccc12,COMPLETED,0.77590450351279,16.08762264251709,0.3937666404232233,0.5383977038330015
1w7x_413_H_1261,1ygc,CCOc1cc(OCC)c(F)c([C@@H](Nc2ccc(C(N)=[NH2+])c(O)c2)C(=O)[N-]S(=O)(=O)c2cccc(N)c2)c1,COMPLETED,1.1640138766354977,9.91578722000122,0.42166961119713603,0.6406208285736873
1w7x_413_H_1261,4jyu,CCOc1cc([C@@H](Nc2ccc3c(N)nccc3c2)C(=O)[N-]S(=O)(=O)c2ccccc2)ccc1OC(C)C,COMPLETED,0.48257991484367285,15.264675617218018,0.3889346409405464,0.612144071963931
1w7x_413_H_1261,5pam,CCOc1ccc(F)c([C@@H](Nc2ccc3c(N)nccc3c2)C(=O)N2CCC[C@@H]2c2ccccc2)c1,COMPLETED,0.31513812712311867,15.52025580406189,0.3935136516443537,0.6099313638594216
1w7x_413_H_1261,5paq,CCOc1cc([C@@H](Nc2ccc3c(N)nccc3c2)C(=O)N2CCC[C@@H]2c2ccccc2)ccc1OC(C)C,COMPLETED,0.4729320255271691,19.149242877960205,0.4203582696872413,0.6119860359365245
1w7x_413_H_1261,1w0y,COc1cc(CNc2ccc(C(N)=[NH2+])cc2)c(NS(C)(=O)=O)cc1OCc1ccccc1,COMPLETED,1.3353352432535432,5.344427108764648,0.5733367233283555,0.5795780025500771
1w7x_413_H_1261,4x8v,COC(=O)Nc1ccc(S(=O)(=O)C(C)C)c([C@H]2CCCN2C(=O)[C@H](Nc2ccc3c(c2)C(=O)NCC3)c2ccc(OC)c(OC)c2)c1,COMPLETED,1.50056987189052,18.62163233757019,0.30741330575365533,0.4626995278092398
3chp_4BO_A_901,7av1,COc1ccc(-c2nnn(CC[NH3+])n2)cc1,COMPLETED,2.009372055518839,4.50295877456665,0.12727533234515176,0.38483734592424945
1j4h_SUB_A_201,1j4i,Cc1ccc(S(=O)(=O)N2CCSC[C@H]2C(=O)N[C@@H](CC(C)C)C(=O)[O-])cc1,COMPLETED,0.8811901629803492,3.7789993286132812,0.641411291163692,0.7371764017095619
1b9v_RA2_A_468,3ckz,CC(=O)N[C@H]1[C@H]([C@H](O)[C@H](O)CO)OC(C(=O)[O-])=C[C@@H]1NC(N)=[NH2+],COMPLETED,4.552435561800718,3.6145174503326416,0.09016869464370741,0.36759467121222594
1b9v_RA2_A_468,1b9t,NC(=[NH2+])Nc1cc(C(=O)[O-])ccc1N1C(=O)CCC1(CO)CO,COMPLETED,0.837500722387747,2.1304831504821777,0.5606816135245002,0.7344946421432677
1b9v_RA2_A_468,4dgr,CCC[NH+](CCC)Cc1cc(C(=O)[O-])ccc1N1C(=O)CCC1(CO)CO,COMPLETED,1.1812254716246247,5.774684429168701,0.4773627580950099,0.7165659507477005
1b9v_RA2_A_468,3k39,CCC(CC)[C@H](NC(C)=O)[C@@H]1[C@H](O)[C@@H](C(=O)[O-])C[C@H]1NC(N)=[NH2+],COMPLETED,4.198485687358779,3.825406312942505,0.08219291514527757,0.3898235609570718
1b9v_RA2_A_468,1vcj,CCC(CC)Nc1cc(C(=O)[O-])ccc1N1C(=O)CC[C@@]1(C[NH3+])CO,COMPLETED,0.44469404628350995,2.67195725440979,0.672654662451335,0.8898701744451064
3i4b_Z48_A_501,3i60,Cc1cnc(Nc2ccccc2Cl)nc1-c1c[nH]c(C(=O)N[C@H](CO)c2ccccc2)c1,COMPLETED,0.8514084301908231,3.7066168785095215,0.8847164390236562,0.9297241793917946
3i4b_Z48_A_501,5bvf,O=C1c2cc(-c3ccnc(N[C@H]4CC[C@@H](O)C4)n3)cn2CCCN1[C@H](CO)c1cccc(Cl)c1,COMPLETED,1.5071904476834486,5.131841659545898,0.4690663509100037,0.6358585993266926
3l3m_A92_A_351,4rv6,C[NH2+]Cc1ccc(-c2[nH]c3cc(F)cc4c3c2CCNC4=O)cc1,COMPLETED,0.8676646157454316,5.48160982131958,0.45209976088710824,0.5898575145960956
3l3m_A92_A_351,2rcw,CCC[N@H+]1CC[C@H](c2nc3cccc(C(N)=O)c3[nH]2)CC1,COMPLETED,0.7750355100927716,5.086371421813965,0.4635648747506956,0.6479291068218918
3l3m_A92_A_351,5a00,NC(=O)c1cc(F)cc2c1C(=O)N([C@H]1CC[N@H+](C3CCC(F)(F)CC3)CC1)C2,COMPLETED,2.883921635674986,6.80008339881897,0.19852098055638456,0.3206085185292153
3l3m_A92_A_351,6i8m,C[C@H]1c2cccc(C(N)=O)c2C(=O)N1[C@H]1CC[N@H+](C2CCCCC2)CC1,COMPLETED,1.0074623382920689,5.672265291213989,0.23183377729004565,0.7641492089615112
3l3m_A92_A_351,5xsr,NC(=O)c1cc(F)cc2[nH]c(-c3cc4c(s3)C[NH2+]CC4)nc12,COMPLETED,0.5195137153671163,5.19204306602478,0.35773263145442263,0.5533654210948713
3l3m_A92_A_351,5xst,NC(=O)c1cc(F)cc2[nH]c(-c3cc4c(s3)CC[NH2+]C4)nc12,COMPLETED,1.477396771659222,4.40580415725708,0.469140566931264,0.5742370407798553
1l2s_STC_A_1115,1xgi,O=C([O-])c1sccc1S(=O)(=O)Nc1cccc([N+](=O)[O-])c1,COMPLETED,0.2705032461736386,2.46500301361084,0.6709282532332895,0.8019834405057805
1l2s_STC_A_1115,4jxs,O=C([O-])c1ccc(CNS(=O)(=O)c2ccsc2C(=O)[O-])cc1,COMPLETED,1.3866615961627866,2.9402830600738525,0.35528454528637604,0.6462779974288801
1l2s_STC_A_1115,1xgj,O=C([O-])c1ccc([N-]S(=O)(=O)c2ccsc2C(=O)[O-])c(O)c1,COMPLETED,0.7139488404768103,1.9280006885528564,0.38792081454377364,0.788723811935296
1l2s_STC_A_1115,4kz4,CCCS(=O)(=O)Nc1ccccc1C(=O)[O-],COMPLETED,1.6041996382542287,3.3952128887176514,0.2743245671253845,0.47812187161579883
1l2s_STC_A_1115,6dpx,O=C([O-])Cc1cccc(NS(=O)(=O)c2cccc(Cl)c2[O-])c1,COMPLETED,2.33234395219994,3.1849374771118164,0.39900161505136644,0.6217843263027933
1l2s_STC_A_1115,6dpy,Cc1oc(C)c(S(=O)(=O)N[C@@H]2CCOc3ccc(F)cc32)c1C(=O)[O-],COMPLETED,2.888522641836134,5.307539701461792,0.38749561167398777,0.5053238246302457
2azr_982_A_301,7fqu,O=C([O-])COc1cccc(Cl)c1,COMPLETED,1.9885521257102288,3.2274510860443115,0.2762702691561524,0.5282727922183511
2azr_982_A_301,2hb1,O=C([O-])COc1c(Br)csc1C(=O)[O-],COMPLETED,0.32837583867966136,2.671525001525879,0.5368331470847761,0.6782044708968201
2azr_982_A_301,2bge,O=C1CN(c2ccccc2)S(=O)(=O)[N-]1,COMPLETED,2.939868613074886,1.1998927593231201,0.21618398381999018,0.5506732402924632
1s3v_TQD_A_187,1mvt,COc1cc(CN(C)c2cnc3nc(N)nc(N)c3c2)cc(OC)c1OC,COMPLETED,0.3776787219807821,5.710181951522827,0.4129725142768058,0.6260404599342482
1uyg_PU2_A_1224,3b26,Cc1cc(-c2ccc3c4c(cccc24)COC3)nc(N)n1,COMPLETED,3.3783438635633574,4.398482322692871,0.09112706239335487,0.43799051823255225
1uyg_PU2_A_1224,7d22,CC(C)(C)c1cc(Cn2cnc3c(Cl)nc(N)nc32)on1,COMPLETED,2.5294208244463503,3.1111903190612793,0.14402823781253,0.3437053648346138
1uyg_PU2_A_1224,2qg2,Cc1cc(C#Cc2ccccc2CNn2ccoc2=O)nc(N)n1,COMPLETED,3.2929176466319343,5.9145708084106445,0.11656424418854244,0.3462943876814277
1uyg_PU2_A_1224,4l91,Oc1cc(O)c(-c2nnc3ccc(Br)cn23)cc1Cl,COMPLETED,5.917576536716255,4.639731407165527,0.12037956567295642,0.33259551362343165
1uyg_PU2_A_1224,7d24,CC(C)(C)C1=NO[C@@H](Cn2cnc3c(Cl)nc(N)nc32)C1,COMPLETED,2.645196459442591,2.874466896057129,0.2046499857006265,0.3896407261081459
1uyg_PU2_A_1224,2fwy,CC(C)[NH2+]CCCn1c(Sc2cc3c(cc2Br)OCO3)nc2c(N)ncnc21,COMPLETED,4.18478637550012,4.969946622848511,0.21604838468935142,0.25016028969661747
1uyg_PU2_A_1224,6lr9,CN(C)c1cc2c(cc1Sc1nc3c(N)nccc3n1CC[NH2+]CC(C)(C)C)OCO2,COMPLETED,3.172280508637891,5.5794196128845215,0.38222265928178256,0.47123224241764733
1uyg_PU2_A_1224,6n8y,C/C=C/Cn1c(Cc2cc(OC)c(OC)c(OC)c2)nc2c(N)ncnc21,COMPLETED,1.4753271596998916,5.625976324081421,0.3988752791376233,0.5651130874862327
1uyg_PU2_A_1224,4r3m,Nc1nccn2c(NCc3ccccc3)c(Cc3cc4c(cc3Br)OCO4)nc12,COMPLETED,1.5211384740520435,4.775540113449097,0.3755590128133217,0.529157139824831
1uyg_PU2_A_1224,1uyd,CCCCn1c(Cc2cc(OC)c(OC)c(OC)c2Cl)nc2c(N)ncnc21,COMPLETED,2.836030661480433,6.129987955093384,0.3884230910548377,0.5063378464047634
1uyg_PU2_A_1224,1uyc,CCCCn1c(Cc2cc(OC)ccc2OC)nc2c(N)ncnc21,COMPLETED,1.5143051936779455,2.1687710285186768,0.6733229196636225,0.7220804040065129
1uyg_PU2_A_1224,1uym,CCCCn1c(Cc2cc(OC)c(OC)c(OC)c2)nc2c(N)ncnc21,COMPLETED,1.4754844294269864,7.289322376251221,0.4810406474503556,0.6176062502650148
1uyg_PU2_A_1224,1uyk,CCCCn1c(Cc2ccc3c(c2)OCO3)nc2c(N)nc(F)nc21,COMPLETED,1.4083532251534059,3.114448070526123,0.5944845371980837,0.6043715941610147
1uyg_PU2_A_1224,6el5,C#CCCCn1c(Cc2cc(OC)c(OC)c(OC)c2Cl)nc2c(N)nc(F)nc21,COMPLETED,2.663503928975264,6.020761966705322,0.49740768345001046,0.5473987854918073
1uyg_PU2_A_1224,4u93,COc1cccc(-c2cc(F)ccc2[C@H]2Cc3nc(N)nc(C)c3C(=O)N2)n1,COMPLETED,2.3050928502371186,6.904781341552734,0.10350802792911559,0.40096864608451055
1uyg_PU2_A_1224,3hz5,Cc1n[nH]c(-c2ccco2)c1CCCCN(C)c1ncnc2nc[nH]c12,COMPLETED,5.630527328426162,3.4103705883026123,0.2531202996052909,0.23755331928112897
1uyg_PU2_A_1224,2qf6,Nc1nc(N)nc(-c2cc3ccccc3cc2Br)n1,COMPLETED,2.469861165925601,3.0597290992736816,0.1942486296482662,0.435209578080294
1uyg_PU2_A_1224,8ssv,CC(C)[NH2+]CCCn1c(Sc2cc3c(cc2I)OCO3)nc2c(N)ncnc21,COMPLETED,3.910317567118339,5.156819581985474,0.2199566107568418,0.24523571183408743
1uyg_PU2_A_1224,7d26,Nc1nc(Cl)c2ncn(Cc3cnc(-c4ccccc4)o3)c2n1,COMPLETED,2.813053039964262,3.1638948917388916,0.183010518863313,0.2813193024081022
1uyg_PU2_A_1224,3b25,Cc1ccc(S(=O)(=O)c2cc(C)nc(N)n2)cc1,COMPLETED,2.1294221018336827,2.5730886459350586,0.11259756076071165,0.4199047188913768
1uyg_PU2_A_1224,3ft8,Cc1nc(N)nc2c1/C(=N/O)C[C@@H](c1ccc(F)cc1-c1cccnc1)C2,COMPLETED,4.413243784338228,6.3057873249053955,0.15404226546629113,0.43239953605466097
1uyg_PU2_A_1224,4cwr,Nc1nc2c3c(F)cccc3nc(Cc3ccc4c(c3)OCO4)n2n1,COMPLETED,0.47306160951825277,4.8852698802948,0.266634195956211,0.4686991149518717
1uyg_PU2_A_1224,3o0i,C#CCCCn1cnc(N)c2nc(Sc3ccc(C)cc3C)nc1-2,COMPLETED,7.313063808976827,3.726916790008545,0.09778847357593806,0.41554713081099354
1uyg_PU2_A_1224,1uyi,C#CCCCn1c(Cc2cc(OC)ccc2OC)nc2c(N)nc(F)nc21,COMPLETED,1.4449687075940176,2.2225418090820312,0.7627800059860688,0.7186731410088045
1uyg_PU2_A_1224,1uy7,CCCCn1c(Cc2ccc(OC)cc2)nc2c(N)ncnc21,COMPLETED,1.5620328542723059,3.6221578121185303,0.4506313917809172,0.5708236822312027
1uyg_PU2_A_1224,1uy9,CCCCn1c(Cc2ccc3c(c2)OCO3)nc2c(N)ncnc21,COMPLETED,1.5242904371105488,4.576370000839233,0.5074001263346835,0.5912904585751046
1uyg_PU2_A_1224,1uyh,CCCCn1c(Cc2cc(OC)ccc2OC)nc2c(N)nc(F)nc21,COMPLETED,1.4042406341014129,2.370544672012329,0.7621058769620084,0.7312309144667896
1uyg_PU2_A_1224,1uy8,CCCCn1c(Cc2cccc(OC)c2)nc2c(N)ncnc21,COMPLETED,0.8531238408496664,3.1676886081695557,0.5792058974219993,0.6488220414278122
1uyg_PU2_A_1224,5lr1,Cc1cnc(Cn2ccc3c(Cl)nc(N)nc32)c(C)c1Cl,COMPLETED,3.0669629034196646,4.356244802474976,0.17069090026762773,0.4250163158965842
1uyg_PU2_A_1224,2h55,CC(C)[NH2+]CCCn1c(Cc2cc3c(cc2I)OCO3)nc2c(N)nc(F)nc21,COMPLETED,3.2974944291082586,4.062058687210083,0.47220548729562356,0.5401095017521448
3kc3_MK2_A_500,3r30,[NH3+]CCn1nc(-c2ccnc(-c3cnc4ccccc4c3)c2)cc1C(=O)[O-],COMPLETED,3.010464621332776,5.499747276306152,0.14168484422091368,0.4698017880695717
3bkl_KAW_A_800,3bkk,O=C(CCC(O)(O)[C@H](Cc1ccccc1)NC(=O)c1ccccc1)N[C@@H](Cc1ccccc1)C(=O)[O-],COMPLETED,0.4511025071360664,6.748277187347412,0.6974032518897882,0.8644280289336739
3bkl_KAW_A_800,6tt1,C[C@H](C[P@](=O)([O-])[C@H](Cc1ccccc1)NC(=O)[C@H]([NH3+])Cc1nnn[n-]1)C(=O)N[C@@H](C)C(N)=O,COMPLETED,0.9291056460463211,7.955236911773682,0.20194784170941923,0.49109072010896915
3cjo_K30_A_1,2fl2,[NH3+][C@H](C(=O)N1CC(c2cc(F)ccc2F)=C[C@H]1c1ccccc1)C1CC1,COMPLETED,1.3524999714204462,2.9893229007720947,0.3520251001265171,0.6412436858865508
3cjo_K30_A_1,2fky,CN(C(=O)N1CC(c2cc(F)ccc2F)=C[C@H]1c1ccccc1)C1CC[NH2+]CC1,COMPLETED,1.2820944007419235,3.224012613296509,0.6242811993808083,0.8205860957650306
3cjo_K30_A_1,2g1q,CCNC(=O)N1N=C(c2cc(F)ccc2F)C[C@@]1(CCC[NH3+])c1ccccc1,COMPLETED,1.1451860522577593,3.5332863330841064,0.3048466138519079,0.5815239299492899
3cjo_K30_A_1,6hkx,CON(C)C(=O)N1N=C(c2cc(F)ccc2F)S[C@@]1(CCC[NH3+])c1ccccc1,COMPLETED,1.1574415896485994,3.9199323654174805,0.3356692494111916,0.5707154964028359
3cjo_K30_A_1,2fl6,CN(C)C(=O)N1CC(c2cc(F)ccc2F)=C[C@H]1c1ccccc1,COMPLETED,1.3041057475654847,2.4278745651245117,0.44373157598350815,0.6217946418231153
3cjo_K30_A_1,1yrs,CC(=O)N1N=C(c2ccccc2Cl)C[C@H]1c1cccc(O)c1,COMPLETED,1.6665045386295005,2.25688099861145,0.28012844833667927,0.5254577505630764
3cjo_K30_A_1,2fme,Cc1ccc2c(c1C)CN(C(=O)N(C)C)C[C@@H]2c1cccc(O)c1,COMPLETED,5.36605909381674,6.366330862045288,0.10012849996093494,0.3525043687285854
3nw7_LGV_A_1,3nw6,O=C(c1ccc(F)nc1)N1CCC[C@H]1c1nc(Nc2cc(C3CC3)[nH]n2)c2cccn2n1,COMPLETED,1.3871022914244646,4.585110664367676,0.6311861372299418,0.6883918733406356
3nw7_LGV_A_1,3i81,C[C@@]1(C(=O)Nc2ccc(F)nc2)CCCN1c1nc(Nc2cc(C3CC3)n[nH]2)c2cccn2n1,COMPLETED,0.5217687731620768,7.609269380569458,0.7715544556509516,0.7120592761434028
3ny8_JRZ_A_1203,5a8e,Cc1ccc(OC[C@@H](O)C[NH2+]C(C)(C)C)c2cc(C#N)[nH]c12,COMPLETED,0.7465408817886787,2.8439781665802,0.550758808208715,0.6419268619401056
3ny8_JRZ_A_1203,7dhi,CC(C)(C)[NH2+]C[C@H](O)c1ccc(O)c(CO)c1,COMPLETED,0.9658833037539205,4.551044702529907,0.19870227236647528,0.456785071612457
3ny8_JRZ_A_1203,2ycz,CC(C)(C)[NH2+]C[C@H](O)COc1cccc2[nH]c(C#N)c(I)c12,COMPLETED,0.688853368418721,3.4815361499786377,0.40181668459533754,0.5711794317896711
3ny8_JRZ_A_1203,4bvn,CC(C)(C)[NH2+]C[C@H](O)COc1cccc2c1CC(C#N)=N2,COMPLETED,0.8721453272848293,3.86616849899292,0.565263815152107,0.5828851884628398
3ny8_JRZ_A_1203,6ps1,CC(C)(C)[NH2+]C[C@H](O)COc1nsnc1N1CCOCC1,COMPLETED,1.1463967646084674,3.994398593902588,0.41150977609403844,0.5173379185877298
3frg_SK4_A_1,5sf7,COc1ccc2c(=O)n(C)c3c(C)nc(-c4ccccc4Cl)n3c2c1,COMPLETED,0.8490649822010112,6.068882703781128,0.17885109204270178,0.49789346065116635
3frg_SK4_A_1,3sni,COc1ccc2nc(C)c3c(C)nc(-c4cnccc4C)n3c2n1,COMPLETED,0.8579064619758953,4.37536358833313,0.18548717122114605,0.5283339823783318
3frg_SK4_A_1,4fcd,COc1cc(OC)c2nnc3c(C)nc(-c4ccccc4Cl)n3c2c1,COMPLETED,0.6121849390502834,7.655860662460327,0.1949802816186799,0.49482896673643406
3frg_SK4_A_1,3gwt,COc1cccc(Nc2c(C(N)=O)cnc3c(C)cc(S(=O)(=O)c4cccc(C(=O)N(C)C)c4)cc23)c1,COMPLETED,1.8147760768726227,6.473970413208008,0.6039461199445573,0.5488517813117895
3frg_SK4_A_1,5shg,COc1ccc2nc(N)c3c(C)nc(-c4ccccc4Cl)n3c2n1,COMPLETED,0.7995627057440007,6.696975231170654,0.19929326788717203,0.517215974292459
3frg_SK4_A_1,5skf,N#Cc1cccc(-n2nccc2-c2nn(-c3cccc4c3OC(F)(F)O4)ccc2=O)c1,COMPLETED,5.662081333094804,5.2644853591918945,0.17689073742381456,0.40186155016408126
3frg_SK4_A_1,5c2e,CC(C)(CO)n1c(=O)[nH]c2c3cccnc3n(-c3ccccc3)c(=O)c21,COMPLETED,7.703840852008622,6.226633071899414,0.12506306949804247,0.26608574794841255
3frg_SK4_A_1,6msc,COc1cc(F)cc2c1nnc1c2c(-c2ccncc2C)nn1C,COMPLETED,0.548700769621598,5.969289302825928,0.19452166640503055,0.505752408878378
3frg_SK4_A_1,4pm0,C#Cc1csc2c(=O)n(CC)c(NC3CCCC3)nc12,COMPLETED,4.505646551883537,4.2784810066223145,0.09566132365069577,0.25512147167781885
3frg_SK4_A_1,5sjf,O=c1ccn(-c2cccc(OC(F)(F)F)c2)nc1-c1ccnn1-c1ccnc2ccccc12,COMPLETED,6.245850909882884,6.218347072601318,0.14970199806917822,0.23775684370392539
3frg_SK4_A_1,5tkb,CNc1cc(Nc2c(F)c(F)cc(F)c2F)nn2c(C(=O)NC[C@@](C)(O)CO)cnc12,COMPLETED,1.6905446438657652,5.241896390914917,0.1213084436997721,0.5210504819890874
3frg_SK4_A_1,5shb,O=c1ccn(-c2ccncc2)nc1-c1ccnn1-c1cccc(Br)c1,COMPLETED,3.9784589902121654,5.8265674114227295,0.1405346098761265,0.3770971383383413
1cx2_S58_A_701,5kir,CS(=O)(=O)c1ccc(C2=C(c3ccccc3)C(=O)OC2)cc1,COMPLETED,0.9109098151648366,2.501661777496338,0.32579664554290505,0.7089856863703332
5l7h_6QG_A_1101,5mwy,COC(=O)[C@@H]1CC2=CC(=O)CC[C@]2(C)[C@@]23O[C@@H]2C[C@@]2(C)[C@@H](CC[C@@]24CCC(=O)O4)[C@H]13,COMPLETED,3.117822883894038,11.407432079315186,0.04327605400687461,0.229964371111185
5l7h_6QG_A_1101,2oax,CC(=O)S[C@@H]1CC2=CC(=O)CC[C@]2(C)[C@H]2CC[C@@]3(C)[C@@H](CC[C@@]34CCC(=O)O4)[C@H]12,COMPLETED,4.700238638475784,9.396504640579224,0.03572708642374488,0.23164805179289552
5l7h_6QG_A_1101,5l7g,Cc1noc(COc2cccc(F)c2F)c1-c1ccc(CNS(=O)(=O)C2(C)CC2)cc1,COMPLETED,0.8820795831260024,9.114997386932373,0.5693891339281163,0.6670440468957134
3k5e_K5E_A_369,1x88,CCOC(=O)C1=C(C)NC(=S)N[C@H]1c1cccc(O)c1,COMPLETED,1.5638987591912723,1.5150973796844482,0.6316043551072185,0.6837646876173378
3k5e_K5E_A_369,2x7c,O=C1CCCC2=C1[C@H](c1cccc(O)c1)NC(=S)N2,COMPLETED,0.1886646802635497,1.3963892459869385,0.765083999568858,0.9338794363089764
3k5e_K5E_A_369,2x7d,CC1(C)CC(=O)C2=C(C1)NC(=S)N[C@H]2c1cccc(O)c1,COMPLETED,0.31372332669772196,1.5722615718841553,0.7261310376090668,0.7678834646078566
3k5e_K5E_A_369,2fl6,CN(C)C(=O)N1CC(c2cc(F)ccc2F)=C[C@H]1c1ccccc1,COMPLETED,6.73846533436954,4.941366672515869,0.07132976878595045,0.4530706076737983
3k5e_K5E_A_369,2fme,Cc1ccc2c(c1C)CN(C(=O)N(C)C)C[C@@H]2c1cccc(O)c1,COMPLETED,4.658111572568866,4.257451295852661,0.08883020089339659,0.3775054134413279
1e3g_R18_A_1000,1zuc,Cn1c(C#N)ccc1-c1ccc2c(c1)C(C)(C)OC(=S)N2,COMPLETED,2.6529433317409117,3.6932640075683594,0.07366411983579618,0.43859267994023965
1e3g_R18_A_1000,1xnn,O=C1[C@@H]2[C@H]3CC[C@H](CC3)[C@@H]2C(=O)N1c1ccc([N+](=O)[O-])c2ccccc12,COMPLETED,6.628707455715747,5.31402850151062,0.03896593205921058,0.2697517600177478
1e3g_R18_A_1000,2aax,C[C@]12C=CC(=O)C=C1CC[C@@H]1[C@@H]2C(=O)C[C@@]2(C)[C@H]1CC[C@]2(O)/C([O-])=C/O,COMPLETED,1.5126586419027521,5.692903518676758,0.4539223422438949,0.698352794545647
1e3g_R18_A_1000,5cj6,Cc1c(N[C@@H]2CCC[C@@]2(C)O)ccc(C#N)c1Cl,COMPLETED,2.4976447538964917,4.673067092895508,0.11140140142032495,0.4386680044236786
1e3g_R18_A_1000,8e1a,COc1c(F)cccc1-c1csc(N2CCOCC2)n1,COMPLETED,6.797607462114888,3.842115879058838,0.05725849770234762,0.34032877880044266
1e3g_R18_A_1000,5vo4,Cn1c(C#N)ccc1-c1ccc(O)cc1F,COMPLETED,6.118319974265812,3.3662145137786865,0.09957510662564899,0.35408899955482803
1e3g_R18_A_1000,1gs4,C[C@]12CCC(=O)C=C1CC[C@H]1[C@@H]3CC[C@](O)(C(=O)CO)[C@@]3(C)C[C@H](O)[C@@]12F,COMPLETED,1.3178515869342744,4.810656547546387,0.40121137245465494,0.7096076203157093
1e3g_R18_A_1000,5t8j,Cc1c(N2CC[C@](C)(O)[C@@H]2C)ccc(C#N)c1F,COMPLETED,2.9519547991307573,3.7121613025665283,0.333782746724452,0.5200392213668327
1e3g_R18_A_1000,3d90,C#C[C@]1(O)CC[C@H]2[C@@H]3CCC4=CC(=O)CC[C@@H]4[C@H]3CC[C@@]21CC,COMPLETED,1.1411164641624483,4.532874345779419,0.8553358140554264,0.766409303641949
1e3g_R18_A_1000,5t8e,Cc1c(N2CC[C@H](O)[C@@H]2C)ccc(C#N)c1Cl,COMPLETED,2.342935732843582,1.7490451335906982,0.30808462796560115,0.4909221061840245
1e3g_R18_A_1000,4zn7,CC/C(=C(/CC)c1ccc(O)cc1)c1ccc(O)cc1,COMPLETED,2.386123508224166,3.485344409942627,0.16846145713123256,0.3793976481034657
1e3g_R18_A_1000,2a3i,C[C@]12C[C@H](O)[C@H]3[C@@H](CCC4=CC(=O)CC[C@@]43C)[C@@H]1CC[C@@H]2C(=O)CO,COMPLETED,1.1381888168489445,4.586550951004028,0.3078747250415729,0.6728026349278337
1e3g_R18_A_1000,2amb,CC[C@]1(O)CC[C@H]2[C@@H]3CCC4=CC(=O)CCC4=C3C=C[C@@]21CC,COMPLETED,0.5765082442187395,2.5590267181396484,0.7988067279728064,0.8213370608709196
1e3g_R18_A_1000,3g0w,Cc1c(/N=C2\O[C@@H](C(F)(F)F)[C@@H]3[C@@H](O)CCN23)ccc(C#N)c1Cl,COMPLETED,3.342180604161501,5.756882190704346,0.11191798405060929,0.2502527730531592
1e3g_R18_A_1000,4ql8,CO[C@@H]1C(c2ccc(C#N)c(Cl)c2C)=NN2CC[C@H](O)[C@@H]12,COMPLETED,0.8505168551841756,3.785695791244507,0.1911062180093405,0.5003286594773599
1e3g_R18_A_1000,2ihq,N#Cc1ccc(N2C(=O)[C@@H]3[C@H](O)CCN3C2=O)c2ccccc12,COMPLETED,3.3339178601550565,4.627936124801636,0.05153270304280457,0.374942320847264
1e3g_R18_A_1000,2nw4,Cc1c(N2C(=O)[C@@H]3[C@H](O)CCN3C2=O)ccc(C#N)c1Cl,COMPLETED,1.0111278306920437,4.205067873001099,0.014589467943623412,0.4075853225693242
1e3g_R18_A_1000,2hvc,O=c1cc(C(F)(F)F)c2cc(N(CC(F)(F)F)CC(F)(F)F)ccc2[nH]1,COMPLETED,3.7732464608385667,9.840720176696777,0.19959592542202995,0.39123019614639504
1e3g_R18_A_1000,5v8q,CC[C@H]1[C@@H](O)CC(=O)N1c1ccc(C#N)c(C(F)(F)F)c1,COMPLETED,2.478650429837441,5.645477056503296,0.32510684738275547,0.5163671911053698
3f9m_MRK_A_501,3fr0,Cc1csc(NC(=O)c2cc(Sc3nncn3C)ccc2N)n1,COMPLETED,0.46228650630647156,1.9910306930541992,0.7609085199287134,0.8558390484049343
3f9m_MRK_A_501,4mle,Cc1csc(Nc2ncccc2OCc2ccccc2)n1,COMPLETED,7.2265127106799625,2.8893723487854004,0.145959324624983,0.48686619841631007
3f9m_MRK_A_501,6e0e,Cc1csc(Nc2ncccc2Oc2ccccc2C#N)n1,COMPLETED,1.672804541236608,3.1425135135650635,0.15030554426070683,0.4272873668547335
3f9m_MRK_A_501,3goi,CNc1ccc(Sc2nncn2C)cc1C(=O)Nc1nc(C)cs1,COMPLETED,0.8693285641804253,2.0636610984802246,0.6317868466742148,0.7636772226552344
3f9m_MRK_A_501,4mlh,Cc1cnc(Nc2nc(C)cs2)c(OCc2ccccc2)c1,COMPLETED,7.143089878655136,3.107056140899658,0.17802038853776408,0.5266900596684545
3f9m_MRK_A_501,3a0i,Cc1csc(NC(=O)c2nc(Sc3nncn3C)ccc2Sc2ccc(F)cc2)n1,COMPLETED,2.4786208289423106,3.9712555408477783,0.49314363975068987,0.6645734784380691
3lan_KBT_A_561,2be2,Cc1cc(C)cc(Oc2c(CSCc3ccco3)c(C)[nH]c(=O)c2I)c1,COMPLETED,1.4326431147465755,4.469269037246704,0.40247554565771715,0.5099874378106414
3lan_KBT_A_561,2yng,N#Cc1cc(Cl)cc(Oc2c(Br)ccc(CNC(=O)c3[nH]c(N)nc3Cl)c2F)c1,COMPLETED,7.382240965713736,4.784419298171997,0.16246192137513701,0.3378507082704876
3lan_KBT_A_561,5tuq,CC(C)c1c(CC2CCCCC2)n(COCc2ccccc2)c(=O)n([O-])c1=O,COMPLETED,1.5720214483042436,7.730583190917969,0.30911259423829834,0.5225444710177474
3lan_KBT_A_561,2yni,N#Cc1cc(Cl)cc(Oc2c(Cl)ccc(CNC(=O)c3[nH]cnc3Cl)c2F)c1,COMPLETED,1.9266763874054493,4.376619577407837,0.21070160295794502,0.3504816804478934
3lan_KBT_A_561,3drp,N#Cc1cc(Cl)cc(Oc2cc(OCc3n[nH]c4nc(N)ccc34)ccc2Cl)c1,COMPLETED,3.9949423883464075,5.742271423339844,0.1392781843334325,0.29977576168639647
3lan_KBT_A_561,4we1,N#Cc1ccc2c(Oc3ccccc3OCCn3ccc(=O)[nH]c3=O)cccc2c1,COMPLETED,4.649739051172657,5.219698190689087,0.15891083350590787,0.2994514231229188
3lan_KBT_A_561,3t19,[NH3+]Cc1cc(Cl)cc(Oc2c(Cl)ccc3c2nnn3Cc2[nH]nc3ncccc23)c1Cl,COMPLETED,5.150810080979747,9.202355146408081,0.07296267950990298,0.21102724224433422
3lan_KBT_A_561,3lam,CCCn1c(C(=O)c2cc(C)cc(C#N)c2)c(C(C)C)c(=O)[nH]c1=O,COMPLETED,0.3622458121221001,1.9861516952514648,0.9032852884879092,0.8918021861341308
3lan_KBT_A_561,4ncg,Cn1c(Cn2ccc(C(F)(F)F)c(Oc3cc(Cl)cc(C#N)c3)c2=O)n[nH]c1=O,COMPLETED,1.6354984432676891,4.593498229980469,0.25791959412845633,0.45506876980501093
3lan_KBT_A_561,3lak,Cc1cc(C#N)cc(C(=O)c2c(C(C)C)c(=O)[nH]c(=O)n2Cc2cc(N)nc(F)c2)c1,COMPLETED,1.5938966797777239,3.550259828567505,0.5628877023654607,0.7529914861623983
3lan_KBT_A_561,3lal,CCn1c(C(=O)c2cc(C)cc(C#N)c2)c(C(C)C)c(=O)[nH]c1=O,COMPLETED,0.46611832367615275,2.04058837890625,0.8390093342699254,0.8441102873935025
3lan_KBT_A_561,8u6c,N#Cc1cc(Cl)cc(Oc2cc(CCNC(=O)CCl)ccc2Cl)c1,COMPLETED,1.8236129985096443,2.889004945755005,0.2954718357941314,0.47916727138725396
3lan_KBT_A_561,3dya,N#Cc1cc(Cl)cc(Oc2c(Br)ccc(Cc3n[nH]c4nnccc34)c2F)c1,COMPLETED,5.644825894917271,4.394110918045044,0.20740032533520902,0.31651095690823067
3lan_KBT_A_561,1rt2,CC(C)c1c(Cc2ccccc2)n(COCc2ccccc2)c(=O)[nH]c1=O,COMPLETED,1.8259927494683845,4.733246326446533,0.560090355150708,0.6173283516282138
3lan_KBT_A_561,8u6q,N#Cc1cc2c(Oc3ccccc3OCCC(=O)N3CCCC3)cccn2c1,COMPLETED,4.986904410517898,5.378056526184082,0.08725461807894155,0.33735308395148134
3lan_KBT_A_561,3tam,Cc1ccn(Cc2[nH]nc3ncccc23)c(=O)c1Oc1cc(Cl)cc(C#N)c1,COMPLETED,6.165601963399148,4.719794750213623,0.16789162412005165,0.35166453824171845
3lan_KBT_A_561,8u6e,C=CC(=O)N(C)CCc1ccc(Cl)c(Oc2cc(Cl)cc(C#N)c2)c1,COMPLETED,1.3095888855667643,4.1660168170928955,0.30835737981212485,0.44219729184126433
3lan_KBT_A_561,8u6b,C=CC(=O)NCCc1ccc(Cl)c(Oc2cc(Cl)cc(C#N)c2)c1,COMPLETED,1.1105346225654862,2.7913217544555664,0.3092498704150226,0.47010093975827427
3lan_KBT_A_561,8u6p,CN(C)C(=O)CCOc1ccccc1Oc1cccn2cc(C#N)cc12,COMPLETED,4.289742642406059,4.935131072998047,0.07082919136482797,0.3781452707803127
3lan_KBT_A_561,1c1b,CCOCn1c(Cc2cc(C)cc(C)c2)c(C(C)C)c(=O)[nH]c1=O,COMPLETED,0.6896220942782119,4.7602379322052,0.7163778729169453,0.8478964279425066
3lan_KBT_A_561,1c1c,CCOCn1c(SC2CCCCC2)c(C(C)C)c(=O)[nH]c1=O,COMPLETED,0.8008952675259445,3.685103178024292,0.5829984433768356,0.6779359774605732
3lan_KBT_A_561,2jle,Cc1n[nH]c2ccc(F)c(Oc3cc(C#N)cc(C#N)c3)c12,COMPLETED,1.2534883277187996,2.193695306777954,0.2427706425266369,0.5110718357786993
3lan_KBT_A_561,7slr,Cc1c(C#N)cc(C(F)F)cc1Oc1c(C(F)(F)C(F)F)ncn(Cc2cc(F)c[nH]c2=O)c1=O,COMPLETED,1.3160533761429063,6.517466306686401,0.22630782524221113,0.46735157922187454
3lan_KBT_A_561,2b5j,CCc1c(C)[nH]c(=O)c(I)c1Oc1cccc(/C=C/C#N)c1,COMPLETED,2.924809074499176,3.310783863067627,0.33557480522558253,0.421662920223431
3lan_KBT_A_561,7sls,CC1=NC(=O)C(F)=C[C@@H]1Cn1cnc(C(F)(F)C(F)F)c(Oc2cc(C(F)F)cc(C#N)c2C)c1=O,COMPLETED,2.0110949161947693,7.680391788482666,0.17481177344862764,0.416811063695979
3lan_KBT_A_561,1tl3,CC(C)c1c(OC2CCCCC2)c2cc(Cl)ccc2[nH]c1=O,COMPLETED,1.227291255903904,4.056988477706909,0.3533129503534187,0.4687101625570985
3lan_KBT_A_561,1rt1,CCOCn1c(Cc2ccccc2)c(C(C)C)c(=O)[nH]c1=O,COMPLETED,0.7242259814952284,2.641268730163574,0.7008889833098546,0.7610760882925024
3lan_KBT_A_561,2won,CCc1nn(CCO)c(CC)c1Oc1cc(C#N)cc(C#N)c1,COMPLETED,1.196275754345453,3.8105862140655518,0.21746326751448952,0.45664977330717166
3lan_KBT_A_561,8u6o,N#Cc1ccc2c(Oc3ccccc3OCCC(=O)N3CCCC3)cccc2c1,COMPLETED,2.7786020410295884,6.0174720287323,0.13777903690032844,0.30660537073604804
1kvo_OAP_A_190,1j1a,O=C([O-])CC[C@@H](Cc1ccc(OCc2ccccc2)cc1)NC(=O)CCCCCCc1ccccc1,COMPLETED,0.6644374176282103,9.13544249534607,0.6480710000879364,0.818614544065855
1kvo_OAP_A_190,1kqu,O=C([O-])CC[C@@H](CCc1ccccc1)NC(=O)CCCCCCc1ccccc1,COMPLETED,0.3598123917284943,3.7490291595458984,0.7429208640674728,0.7438105167267087
3lpb_NVB_A_1133,6vni,Cc1cnc(Nc2cc(F)c([C@H]3CC[N@H+](C)CC3)c(F)c2)nc1Nc1ccc(F)c(N2CCCS2(=O)=O)c1,COMPLETED,2.4414044244418456,12.087214946746826,0.10547053778960491,0.3028055338625867
2rgp_HYZ_A_1,3w33,O=C(NCCO)C1=Cc2c(ncnc2Nc2ccc(Oc3cccc4sccc34)c(Cl)c2)NCC1,COMPLETED,1.7958552284954055,9.28786301612854,0.26386296420082056,0.46901999174739456
2rgp_HYZ_A_1,3bel,COCCO/N=C/c1c(N)ncnc1Nc1ccc2c(cnn2Cc2cccc(F)c2)c1,COMPLETED,0.6874035491434408,3.424337863922119,0.7832934951109621,0.8570862496394118
